,country_name,region,polity,Adjusted net savings (% of GNI),"Adolescent birth rate (births per 1,000 women ages 15-19)","Antenatal care coverage, at least one visit (%)",Birth registration (% under age 5),Carbon dioxide emissions (kg per 2011 PPP $ of GDP),"Carbon dioxide emissions, per capita (tonnes)",Child labour (% ages 5-17),"Child malnutrition, stunting (moderate or severe) (% under age 5)","Child marriage, women married by age 18 (% of women ages 20–24 years who are married or in union)","Contraceptive prevalence, any method (% of married or in-union women of reproductive age, 15–49 years)",Domestic credit provided by financial sector (% of GDP),Employment in agriculture (% of total employment),Employment in services (% of total employment),Employment to population ratio (% ages 15 and older),"Estimated gross national income per capita, female (2011 PPP $)","Estimated gross national income per capita, male (2011 PPP $)",European Union Membership (True/False),Expected years of schooling (years),"Expected years of schooling, female (years)","Expected years of schooling, male (years)",Exports and imports (% of GDP),Female share of employment in senior and middle management (%),"Female share of graduates in science, mathematics, engineering, manufacturing and construction at tertiary level (%)","Foreign direct investment, net inflows (% of GDP)",Forest area (% of total land area),Fossil fuel energy consumption (% of total energy consumption),Fresh water withdrawals (% of total renewable water resources),GDP per capita (2011 PPP $),Gender Inequality Index (GII),Government expenditure on education (% of GDP),Gross capital formation (% of GDP),"Gross domestic product (GDP), total (2011 PPP $ billions)","Gross enrolment ratio, pre-primary (% of preschool-age children)","Gross enrolment ratio, primary (% of primary school-age population)","Gross enrolment ratio, secondary (% of secondary school-age population)","Gross enrolment ratio, tertiary (% of tertiary school-age population)",Gross fixed capital formation (% of GDP),Gross national income (GNI) per capita (2011 PPP $),"HIV prevalence, adult (% ages 15-49)","Homicide rate (per 100,000 people)","Income inequality, Gini coefficient","Income inequality, Palma ratio","Income inequality, quintile ratio","Income quintile ratio, average annual change (%)",Inequality in education (%),Inequality in income (%),Inequality in life expectancy (%),International inbound tourists (thousands),International student mobility (% of total tertiary enrolment),"Internet users, female (% of female population)",Labour force participation rate (% ages 15 and older),"Labour force participation rate (% ages 15 and older), female","Labour force participation rate (% ages 15 and older), male",Life expectancy at birth (years),"Literacy rate, adult (% ages 15 and older)",MPI 2018: Contribution of Education,MPI 2018: Contribution of Health,MPI 2018: Contribution of standard of living,Mandatory paid maternity leave (days),Mean years of schooling (years),"Mean years of schooling, female (years)","Mean years of schooling, male (years)",Median age (years),Mobile phone subscriptions (per 100 people),"Mortality rate, female adult (per 1,000 people)","Mortality rate, male adult (per 1,000 people)",Multidimensional poverty index (MPI),"Net migration rate (per 1,000 people)",Net official development assistance received (% of GNI),OECD Membership (True/False),Old-age (65 and older) dependency ratio (per 100 people ages 15-64),Old-age pension recipients (% of statutory pension age population),"Overall loss in HDI value due to inequality, average annual change (%)",Population ages 15–64 (millions),Population ages 65 and older (millions),"Population in multidimensional poverty, headcount (%)","Population in multidimensional poverty, headcount (thousands) (for the year of the survey)","Population in multidimensional poverty, headcount (thousands) (projection for 2016)","Population in multidimensional poverty, intensity of deprivation (%)",Population in severe multidimensional poverty (%),"Population living below income poverty line, PPP $1.90 a day (%)","Population living below income poverty line, national poverty line (%)",Population under age 5 (millions),Population vulnerable to multidimensional poverty (%),Population with at least some secondary education (% ages 25 and older),"Population with at least some secondary education, female (% ages 25 and older)","Population with at least some secondary education, male (% ages 25 and older)",Primary school dropout rate (% of primary school cohort),Primary school teachers trained to teach (%),"Prison population (per 100,000 people)",Private capital flows (% of GDP),Programme for International Student Assessment (PISA) score in mathematics,Programme for International Student Assessment (PISA) score in reading,Programme for International Student Assessment (PISA) score in science,Proportion of births attended by skilled health personnel (%),Proportion of schools with access to the Internet (%),"Pupil-teacher ratio, primary school (pupils per teacher)",Ratio of education and health expenditure to military expenditure,Red List Index (value),Refugees by country of origin (thousands),"Remittances, inflows (% of GDP)",Research and development expenditure (% of GDP),Rural population with access to electricity (%),Sex ratio at birth (male to female births),Share of seats in parliament (% held by women),Skilled labour force (% of labour force),Survival rate to the last grade of lower secondary general education (%),"Total debt service (% of exports of goods, services and primary income)",Total population (millions),"Unemployment, total (% of labour force)","Unemployment, youth (% ages 15–24)",United Nations Membership (True/False),"Unmet need for family planning (% of married or in-union women of reproductive age, 15–49 years)",Urban population (%),"Violence against women ever experienced, intimate partner (% of female population ages 15 and older)","Violence against women ever experienced, nonintimate partner (% of female population ages 15 and older)",Vulnerable employment (% of total employment),Women with account at financial institution or with mobile money-service provider (% of female population ages 15 and older),Working poor at PPP$3.10 a day (% of total employment),Young age (0-14) dependency ratio (per 100 people ages 15-64),Youth not in school or employment (% ages 15-24)
0,Afghanistan,Southern Asia,-1.0,-28.5,64.5,58.6,42.0,0.16,0.3,21.4,40.9,35.0,22.5,-2.4,62.2,31.1,49.5,541.0,3030.0,0.0,10.4,8.0,12.7,55.9,,,0.3,2.1,,,1804.0,0.653,3.2,17.7,64.1,,105.0,55.0,8.0,17.7,1824.0,0.1,6.3,,,,,45.4,10.8,28.4,,-7.4,,54.2,19.5,86.7,64.0,31.7,44.8,10.4,44.8,90.0,3.8,1.9,6.0,17.3,62.3,202.0,245.0,0.273,2.9,20.6,0.0,4.8,10.7,,19.2,0.9,56.1,19442.0,19442.0,48.7,25.1,,35.8,5.3,18.0,25.1,11.4,36.9,,,74.0,-0.4,,,,50.5,,44.0,13.6,0.837,2621.1,1.82,,79.0,1.06,27.4,,,3.5,35.5,8.8,17.7,1.0,24.5,25.2,50.8,,66.1,7.2,98.2,79.8,
1,Albania,Southern Europe,9.0,6.9,20.7,97.3,99.0,0.18,2.0,3.3,23.2,10.0,69.3,63.3,40.3,41.1,48.3,9702.0,14028.0,0.0,14.8,15.0,14.4,78.1,29.3,13.4,7.9,28.2,61.4,4.3,11803.0,0.238,3.5,25.2,33.9,88.0,110.0,95.0,61.0,25.2,11886.0,0.1,2.7,29.0,1.0,4.3,-0.8,8.5,12.2,9.2,4070.0,-14.9,,56.1,47.2,64.9,78.5,97.2,29.9,33.1,37.0,365.0,10.0,9.8,10.2,36.2,115.2,50.0,79.0,0.008,-6.4,1.4,0.0,19.0,77.0,-3.0,2.0,0.4,2.0,60.0,60.0,37.8,0.2,1.1,14.3,0.2,7.3,92.9,93.1,92.8,11.2,,189.0,-9.2,413.0,405.0,427.0,,96.0,18.0,8.8,0.855,12.2,10.05,0.2,100.0,1.08,27.9,55.9,93.0,15.2,2.9,13.9,30.0,1.0,12.9,59.4,24.6,,57.2,38.1,1.5,25.1,32.8
2,Algeria,Northern Africa,2.0,19.3,10.1,92.7,100.0,0.28,3.7,4.3,11.7,3.0,57.1,66.8,12.8,40.2,37.3,4232.0,23181.0,0.0,14.4,14.6,14.1,60.4,6.9,26.9,1.0,0.8,100.0,66.9,13914.0,0.442,,47.8,574.9,,114.0,,43.0,29.9,13802.0,0.1,1.4,27.6,1.0,4.0,,33.7,11.4,15.1,2039.0,-0.9,,41.4,15.2,67.3,76.3,75.1,46.6,30.3,23.1,98.0,8.0,7.6,8.6,27.5,115.8,83.0,106.0,0.008,-0.8,0.1,0.0,9.6,63.6,,26.7,2.6,2.1,811.0,858.0,38.8,0.3,0.5,5.5,4.7,5.9,37.7,37.5,37.9,6.4,100.0,162.0,-1.0,360.0,350.0,376.0,96.6,53.0,24.0,,0.904,4.0,1.23,0.1,99.0,1.05,21.3,59.2,75.0,1.0,41.3,10.0,23.9,1.0,7.0,72.1,,,27.9,29.3,9.7,45.4,21.2
3,Angola,Middle Africa,-2.0,-38.4,151.6,81.6,25.0,0.21,1.3,18.7,37.6,30.0,13.7,29.5,50.6,40.8,71.3,5063.0,6546.0,0.0,11.8,11.0,12.7,57.6,,9.9,4.3,46.4,48.3,,5819.0,,,7.8,173.3,,,,9.0,7.8,5790.0,1.9,4.8,42.7,2.1,9.0,,34.3,28.9,33.8,397.0,,,77.6,75.3,80.1,61.8,66.0,32.0,21.2,46.8,90.0,5.1,,,16.4,45.1,203.0,277.0,0.283,0.7,0.2,0.0,4.7,14.5,-2.7,15.1,0.7,51.2,14743.0,14743.0,55.3,32.5,30.1,36.6,5.4,15.5,,,,68.1,47.0,106.0,-1.5,,,,46.9,,,,0.936,8.3,0.0,,16.0,1.03,30.5,11.2,,26.5,29.8,8.2,19.1,1.0,38.0,64.8,34.8,,66.7,22.3,59.0,92.2,
4,Argentina,South America,9.0,5.9,62.8,98.1,100.0,0.25,4.7,,,,81.3,39.2,0.5,76.1,54.6,12395.0,24789.0,0.0,17.4,18.7,16.2,25.0,39.8,9.1,1.9,9.9,88.5,4.3,18934.0,0.358,5.9,19.1,838.2,74.0,110.0,107.0,86.0,14.8,18461.0,0.4,5.9,42.4,2.1,9.5,-3.1,6.2,25.8,9.5,5559.0,,70.1,59.9,47.3,73.2,76.7,98.1,,,,90.0,9.9,10.1,9.7,30.8,145.3,74.0,151.0,,0.1,0.0,0.0,17.5,89.3,-3.9,28.3,5.0,,,,,,,,3.7,,64.8,65.9,62.8,4.7,,160.0,-7.1,456.0,475.0,475.0,99.6,36.0,,14.9,0.861,0.1,0.09,0.6,100.0,1.04,38.9,63.4,85.0,34.9,44.3,8.7,24.7,1.0,,91.7,,,21.4,50.8,2.8,38.9,19.7
5,Armenia,Western Asia,7.0,0.0,23.2,99.6,99.0,0.24,1.9,4.1,9.4,5.0,57.1,58.2,34.4,49.7,49.2,6358.0,12281.0,0.0,13.0,13.4,12.6,88.5,,7.3,2.1,11.7,74.6,42.1,8788.0,0.262,2.8,19.0,25.8,52.0,94.0,86.0,51.0,17.3,9144.0,0.2,3.0,32.5,1.3,5.1,-0.7,2.9,17.4,9.0,1260.0,-3.1,63.4,60.1,51.4,70.6,74.8,99.7,36.8,33.1,30.1,140.0,11.7,11.7,11.7,33.9,117.4,74.0,174.0,0.001,-2.1,3.0,0.0,16.3,68.5,-1.2,2.0,0.3,0.2,5.0,5.0,36.2,0.0,1.8,29.4,0.2,2.7,97.2,96.9,97.6,5.3,,130.0,-1.2,,,,99.8,100.0,,3.0,0.845,10.8,13.34,0.3,100.0,1.13,18.1,94.6,97.0,34.1,2.9,18.2,39.0,1.0,12.5,63.1,8.2,,41.6,40.9,10.1,29.1,36.6
6,Australia,Australia and New Zealand,10.0,5.3,12.9,98.3,100.0,0.35,15.4,,2.0,,66.9,177.1,2.6,78.3,61.1,35323.0,51857.0,0.0,22.9,23.3,22.5,41.9,32.6,9.7,3.7,16.2,93.4,3.4,44649.0,0.109,5.2,24.2,1098.3,169.0,101.0,154.0,122.0,24.0,43560.0,0.1,0.9,34.7,1.4,5.8,0.4,2.6,17.7,3.6,8263.0,16.8,84.9,64.8,59.2,70.5,83.1,,,,,0.0,12.9,12.9,12.8,37.4,110.1,45.0,76.0,,8.0,,1.0,23.7,74.3,0.6,16.0,3.8,,,,,,,,1.6,,90.0,90.0,89.9,,,151.0,-3.6,494.0,503.0,510.0,99.7,,,8.0,0.828,0.0,0.15,2.2,100.0,1.06,32.7,78.3,,,24.5,5.7,12.6,1.0,,85.9,16.9,,10.8,99.2,,29.0,8.7
7,Austria,Western Europe,10.0,12.7,6.9,,100.0,0.16,6.9,,,,65.7,126.7,4.3,70.1,57.0,35626.0,55591.0,1.0,16.1,16.4,15.8,104.7,29.5,14.3,3.3,46.9,66.0,4.5,45437.0,0.071,5.4,25.1,400.3,104.0,102.0,101.0,83.0,23.5,45415.0,,0.7,30.5,1.1,4.9,1.3,2.6,17.7,3.0,28121.0,12.3,80.7,60.3,55.0,66.0,81.8,,,,,112.0,12.1,11.8,12.6,43.2,163.8,46.0,86.0,,6.3,,1.0,28.8,100.0,1.0,5.8,1.7,,,,,,,,0.4,,100.0,100.0,100.0,0.4,,95.0,5.6,497.0,485.0,495.0,98.4,100.0,10.0,21.0,0.896,0.0,0.72,3.1,100.0,1.06,33.6,86.1,100.0,,8.7,5.5,10.4,1.0,,58.1,13.0,4.0,8.1,98.4,,21.1,7.7
8,Azerbaijan,Western Asia,-7.0,1.7,53.5,91.7,94.0,0.24,3.9,,18.0,11.0,,29.5,37.4,48.5,62.8,10089.0,21152.0,0.0,12.7,12.6,12.7,90.7,,15.2,7.0,13.8,98.4,34.5,15847.0,0.318,3.0,24.1,156.3,23.0,106.0,,27.0,23.6,15600.0,0.1,2.1,16.6,0.6,2.3,0.0,3.8,8.9,17.0,2044.0,-18.3,74.7,66.1,62.9,69.5,72.1,99.8,29.1,39.0,31.9,126.0,10.7,10.5,11.0,30.3,104.8,85.0,173.0,0.019,0.0,0.2,0.0,8.5,81.1,-3.9,6.9,0.6,4.9,423.0,477.0,38.4,0.5,,6.0,0.9,12.2,95.6,93.8,97.5,1.1,90.0,236.0,-7.3,,,,99.8,27.0,15.0,1.8,0.91,10.3,2.78,0.2,100.0,1.13,16.8,93.0,96.0,8.1,9.8,5.0,13.7,1.0,,55.3,13.5,,56.1,27.7,1.5,32.9,
9,Bahrain,Western Asia,-10.0,8.0,13.4,100.0,,0.53,23.4,,,,,90.9,1.0,63.9,71.3,18774.0,55130.0,0.0,16.0,16.6,15.6,139.6,,12.6,1.5,0.8,100.0,,43291.0,0.222,2.7,29.6,64.6,55.0,101.0,104.0,47.0,25.9,41580.0,0.1,0.5,,,,,19.0,,5.6,10158.0,-1.6,99.0,72.2,44.0,87.0,77.0,94.6,,,,60.0,9.4,9.3,9.5,31.2,210.1,58.0,73.0,,6.4,,0.0,3.0,40.1,,1.2,0.0,,,,,,,,0.1,,59.2,63.7,57.1,1.4,84.0,301.0,9.9,,,,99.7,100.0,12.0,1.7,0.849,0.5,,0.1,100.0,1.04,15.0,,99.0,,1.5,1.3,5.8,1.0,,89.2,,,1.8,75.4,,25.3,
10,Bangladesh,Southern Asia,-6.0,26.0,83.5,63.9,20.0,0.15,0.5,,36.2,59.0,62.3,63.7,39.1,39.9,54.0,2041.0,5285.0,0.0,11.4,11.7,11.3,35.3,,7.9,0.9,11.0,73.8,2.9,3524.0,0.542,2.5,30.5,580.3,34.0,119.0,69.0,17.0,30.5,3677.0,0.1,2.5,32.4,1.3,4.8,0.0,37.3,15.7,17.3,125.0,-2.9,5.1,56.5,33.0,79.8,72.8,72.8,29.6,22.9,47.5,112.0,5.8,5.2,6.7,25.6,83.4,107.0,148.0,0.194,-3.2,1.1,0.0,7.7,33.4,-2.6,109.6,8.4,41.1,65460.0,66916.0,47.3,16.2,14.8,24.3,15.2,21.5,45.5,44.0,48.2,33.8,50.0,43.0,-0.7,,,,49.8,5.0,34.0,3.5,0.766,16.8,5.41,,68.8,1.05,20.3,27.2,87.0,4.7,164.7,4.4,11.4,1.0,12.0,35.9,53.3,,57.5,35.8,67.3,42.6,28.9
11,Belarus,Eastern Europe,-7.0,14.1,17.2,99.7,100.0,0.37,6.7,1.0,,3.0,63.1,41.9,9.9,59.0,63.7,13479.0,19592.0,0.0,15.5,15.9,15.1,133.6,47.0,15.5,2.3,42.5,92.4,2.6,17168.0,0.13,5.0,26.2,163.2,99.0,102.0,104.0,87.0,25.0,16323.0,0.4,3.6,27.0,1.0,3.8,-0.6,3.7,10.8,4.9,9424.0,-2.1,70.9,64.0,58.4,70.7,73.1,99.6,,,,126.0,12.3,12.2,12.4,39.6,120.7,90.0,261.0,,1.6,0.0,0.0,21.6,100.0,-4.3,6.5,1.4,,,,,,,,0.6,,91.9,87.0,92.2,1.2,99.0,306.0,-4.6,,,,99.8,61.0,18.0,8.5,0.97,3.7,2.2,0.5,100.0,1.06,33.1,98.6,99.0,19.4,9.5,0.5,1.1,1.0,7.0,78.1,,,2.7,81.3,0.3,24.5,
12,Belgium,Western Europe,8.0,9.5,4.9,,100.0,0.2,8.3,,,,66.8,135.7,1.3,77.4,49.3,33260.0,51302.0,1.0,19.8,20.8,18.8,169.4,32.0,7.7,-6.3,22.6,75.8,32.8,42659.0,0.048,6.6,24.6,485.1,117.0,103.0,164.0,75.0,23.3,42156.0,,1.9,27.7,1.0,4.2,-0.3,8.7,13.7,3.6,7481.0,8.5,85.4,53.2,47.8,58.7,81.3,,,,,105.0,11.8,11.6,11.9,41.3,110.5,54.0,89.0,,4.7,,1.0,28.9,100.0,0.5,7.4,2.1,,,,,,,,0.6,,84.4,82.2,86.7,,,105.0,7.5,507.0,499.0,502.0,,100.0,11.0,17.4,0.986,0.1,2.13,2.5,100.0,1.05,41.4,83.3,96.0,,11.4,7.4,19.0,1.0,,98.0,24.0,8.0,10.8,98.8,,26.6,9.9
13,Benin,Western Africa,7.0,3.8,86.1,82.8,85.0,0.31,0.6,41.3,34.0,26.0,17.9,25.9,43.2,38.3,69.1,1795.0,2329.0,0.0,12.6,11.1,14.0,79.4,,19.1,1.5,38.2,44.4,,2064.0,0.611,4.4,28.6,23.1,24.0,132.0,59.0,13.0,28.6,2061.0,1.0,6.2,47.8,2.9,16.3,13.3,43.7,30.3,35.0,267.0,4.0,,70.9,68.7,73.1,61.2,32.9,35.4,21.1,43.5,98.0,3.6,3.0,4.3,18.2,81.8,217.0,264.0,0.346,-0.9,5.7,0.0,6.0,9.7,0.6,6.0,0.4,63.2,6505.0,6875.0,54.8,38.0,49.6,40.1,1.8,16.1,25.4,18.2,32.7,42.7,69.0,77.0,-1.3,,,,77.2,,45.0,7.6,0.91,0.6,2.87,,18.0,1.04,7.2,17.9,76.0,3.5,11.2,2.5,5.2,1.0,33.1,46.8,,,88.0,28.6,73.5,78.9,20.0
14,Bhutan,Southern Asia,7.0,23.6,20.3,97.9,100.0,0.18,1.3,3.5,33.5,26.0,65.6,53.5,56.8,33.5,65.2,6002.0,9889.0,0.0,12.3,12.4,12.2,74.0,,,-0.4,72.3,,0.4,8709.0,0.476,7.4,47.2,7.0,25.0,95.0,84.0,11.0,47.2,8065.0,,1.1,38.8,1.8,6.9,-2.7,41.7,19.6,17.8,210.0,-31.0,,66.8,58.0,74.3,70.6,57.0,36.6,24.2,39.2,56.0,3.1,2.1,4.2,26.3,87.5,204.0,204.0,0.175,2.6,2.5,0.0,7.1,3.2,,0.6,0.0,37.3,272.0,298.0,46.8,14.7,2.2,12.0,0.1,17.7,9.6,6.0,13.7,21.1,100.0,145.0,0.4,,,,89.0,43.0,38.0,,0.799,8.0,1.72,,100.0,1.04,8.3,21.1,83.0,11.6,0.8,2.4,10.2,1.0,11.7,40.2,26.5,12.5,71.5,27.7,9.6,38.7,
15,Bolivia,South America,7.0,,68.1,90.1,76.0,0.31,1.9,,16.1,19.0,66.5,68.3,27.0,50.6,65.3,4686.0,8737.0,0.0,14.0,14.0,14.0,56.7,,,1.9,50.6,85.2,0.4,6886.0,0.45,7.3,22.2,76.1,74.0,98.0,86.0,,21.3,6714.0,0.3,6.3,44.6,2.4,12.6,-5.4,20.0,31.8,25.2,959.0,,32.2,67.4,55.2,79.9,69.5,92.5,26.5,21.7,51.7,90.0,8.9,8.2,9.7,24.1,92.8,149.0,214.0,0.094,-1.2,2.1,0.0,10.9,100.0,-4.6,6.8,0.7,20.5,1963.0,2227.0,46.0,7.1,7.1,39.5,1.2,15.6,58.2,50.5,59.5,4.1,58.0,122.0,-5.4,,,,89.8,,18.0,6.9,0.871,0.5,3.48,0.2,79.1,1.05,51.8,45.2,96.0,9.3,11.1,3.1,6.6,1.0,20.1,69.1,,4.0,31.3,53.9,9.7,51.3,10.9
16,Bosnia and Herzegovina,Southern Europe,-66.0,,10.0,87.0,100.0,0.59,6.2,,8.9,4.0,45.8,56.8,19.1,48.7,34.7,7723.0,15856.0,0.0,14.2,14.9,14.5,86.9,24.2,14.7,2.4,42.7,77.5,0.9,11714.0,0.166,,20.5,41.1,,,,,16.8,11716.0,,1.3,32.7,1.3,5.3,-0.6,19.8,20.2,5.9,777.0,-3.9,,46.6,35.2,58.7,77.1,97.0,7.2,79.7,13.1,365.0,9.7,8.6,10.9,41.0,96.8,64.0,125.0,0.008,-8.9,2.6,0.0,23.9,29.6,-3.4,2.4,0.6,2.2,80.0,77.0,37.9,0.1,0.2,16.9,0.2,4.1,79.9,71.7,88.7,4.4,,73.0,-1.6,,,,99.9,100.0,17.0,,0.904,17.7,10.99,0.2,100.0,1.06,19.3,84.1,96.0,41.4,3.5,25.6,55.4,1.0,9.0,47.9,,,20.9,54.7,0.2,20.4,26.4
17,Botswana,Southern Africa,8.0,29.9,30.0,94.1,83.0,0.2,3.2,,31.4,,52.8,17.1,26.2,60.3,58.9,12613.0,18521.0,0.0,12.6,12.8,12.5,97.1,,,2.3,19.1,74.7,,15807.0,0.434,,24.3,36.2,20.0,105.0,,23.0,31.1,15534.0,21.9,,60.5,5.8,23.2,-2.1,,,18.6,1528.0,-3.7,33.8,71.9,65.6,78.4,67.6,,,,,84.0,9.3,9.2,9.5,24.4,146.2,179.0,277.0,,1.4,0.6,0.0,6.1,100.0,,1.5,0.1,,,,,,,,0.3,,89.2,88.8,89.6,6.0,99.0,188.0,2.8,,,,99.7,23.0,23.0,,0.98,0.3,0.21,0.5,37.5,1.03,9.5,,99.0,1.9,2.3,18.1,35.7,1.0,9.6,68.7,,,15.0,46.8,21.2,48.6,
18,Brazil,South America,8.0,5.6,61.6,97.2,96.0,0.17,2.6,5.4,7.1,26.0,80.2,111.3,10.3,68.8,55.5,10073.0,17566.0,0.0,15.4,15.9,14.9,24.1,38.8,8.7,3.4,59.0,59.1,0.9,14103.0,0.407,5.9,15.5,2951.7,92.0,115.0,100.0,51.0,15.6,13755.0,0.6,29.5,51.3,3.5,15.6,-2.3,22.0,36.7,10.8,6578.0,-0.3,61.1,63.7,53.2,74.7,75.7,91.7,22.9,49.8,27.3,120.0,7.8,8.0,7.7,31.3,117.5,94.0,191.0,0.016,0.0,0.0,0.0,12.3,78.3,-1.7,145.9,17.9,3.8,7913.0,7978.0,42.5,0.9,3.4,8.7,14.8,6.2,60.0,61.0,57.7,,,301.0,-2.5,377.0,407.0,401.0,99.1,46.0,22.0,10.8,0.901,0.9,0.13,1.2,100.0,1.05,11.3,62.0,74.0,51.2,209.3,12.9,30.5,1.0,6.0,86.3,,,27.9,67.5,6.4,31.2,24.8
19,Bulgaria,Eastern Europe,9.0,12.5,39.5,,100.0,0.36,5.9,,,,69.2,55.3,6.3,64.5,50.1,14777.0,22930.0,1.0,14.8,15.0,14.6,131.1,39.3,12.3,2.9,35.2,71.0,26.4,18563.0,0.217,4.1,20.9,131.4,81.0,95.0,100.0,71.0,19.2,18740.0,0.1,1.1,37.4,1.6,7.3,,6.5,23.6,6.7,8252.0,-4.7,59.1,53.4,47.8,59.6,74.9,98.4,,,,410.0,11.8,11.9,11.8,43.5,125.8,,,,-0.7,,0.0,32.0,100.0,1.8,4.6,1.5,,,,,,,,0.3,,94.8,93.7,96.1,6.5,,125.0,4.0,441.0,432.0,446.0,99.8,,18.0,7.4,0.941,0.7,3.88,1.0,100.0,1.06,23.8,87.6,46.0,23.6,7.1,6.3,14.4,1.0,,74.7,23.0,6.0,8.2,73.6,,21.9,18.2
20,Burkina Faso,Western Africa,6.0,-8.4,104.3,92.8,77.0,0.1,0.2,42.0,27.3,52.0,25.4,31.6,28.3,39.8,62.3,1289.0,2014.0,0.0,8.5,8.3,8.8,62.8,,12.5,3.4,19.6,,,1703.0,0.61,4.2,25.5,32.7,3.0,91.0,36.0,6.0,24.6,1650.0,0.8,0.4,35.3,1.5,5.3,-3.4,39.2,24.2,32.0,152.0,-2.9,,66.5,58.2,75.2,60.8,34.6,40.5,20.2,39.3,98.0,1.5,1.0,2.0,17.0,82.6,238.0,269.0,0.52,-1.5,9.2,0.0,4.6,2.7,-1.6,10.1,0.5,84.0,13110.0,15665.0,61.9,64.8,43.7,40.1,3.3,7.3,8.5,6.0,11.7,31.2,73.0,34.0,0.5,,,,79.8,,42.0,6.8,0.989,2.7,3.45,0.2,0.8,1.05,11.0,4.0,72.0,4.4,19.2,6.3,8.6,1.0,29.1,28.7,11.5,,87.2,34.5,66.8,86.2,
21,Burundi,Eastern Africa,-1.0,-28.9,26.8,99.2,75.0,0.06,0.0,31.6,55.9,20.0,28.5,32.8,91.5,6.1,77.7,807.0,594.0,0.0,11.7,11.3,12.1,38.2,,17.1,0.0,10.7,,,702.0,0.471,5.4,16.9,7.6,14.0,131.0,48.0,5.0,16.9,702.0,1.1,6.0,38.6,1.7,6.7,,39.5,20.9,38.1,187.0,-1.2,0.7,78.9,80.2,77.5,57.9,61.6,27.4,23.4,49.2,84.0,3.0,2.7,3.7,17.6,50.9,261.0,319.0,0.404,-1.5,24.7,0.0,4.9,4.0,-1.4,5.7,0.3,74.3,8075.0,7823.0,54.3,45.4,71.7,64.9,2.0,16.2,9.3,7.5,10.5,55.7,100.0,93.0,-4.5,,,,85.1,,50.0,6.1,0.921,439.3,0.96,0.1,1.7,1.03,37.8,,72.0,16.7,10.9,1.6,2.9,1.0,29.7,12.7,,,92.4,6.7,89.5,85.8,6.2
22,Cabo Verde,Western Africa,10.0,8.6,73.8,,91.0,0.16,0.9,,,18.0,,86.7,67.7,25.4,54.2,4295.0,7683.0,0.0,12.6,12.8,12.1,103.1,,7.0,6.2,22.3,,,6223.0,,5.4,37.3,3.4,72.0,97.0,85.0,22.0,34.5,5983.0,0.8,11.5,47.2,2.7,10.7,-2.1,23.7,,13.3,598.0,-25.8,49.8,60.4,49.6,71.5,73.0,86.8,,,,60.0,6.1,5.9,6.4,23.8,111.6,100.0,146.0,,-4.3,7.2,0.0,6.8,85.8,,0.4,0.0,,,,,,,,0.1,,29.4,,,9.9,93.0,286.0,-3.1,,,,91.4,,21.0,18.2,0.881,0.0,11.99,0.1,91.8,1.03,20.8,47.7,80.0,5.8,0.5,10.3,17.8,1.0,,65.3,12.6,,37.5,,37.2,46.2,
23,Cambodia,South-Eastern Asia,-4.0,6.2,50.2,95.3,73.0,0.14,0.4,12.6,32.4,19.0,56.3,74.4,26.7,46.3,84.5,2970.0,3878.0,0.0,11.7,11.2,12.2,124.9,14.1,6.0,11.4,53.6,30.7,0.5,3645.0,0.473,1.9,22.9,58.3,19.0,110.0,,13.0,21.9,3413.0,0.6,1.8,,,,,27.3,14.3,16.0,5012.0,-2.9,32.4,84.6,80.9,88.7,69.3,73.9,33.2,20.7,46.1,90.0,4.8,3.8,5.6,23.9,126.3,139.0,205.0,0.158,-2.0,3.9,0.0,6.9,3.2,-4.7,10.3,0.7,34.9,5328.0,5499.0,45.3,12.0,,17.7,1.8,21.1,21.3,15.1,28.1,26.5,100.0,105.0,-10.8,,,,89.0,7.0,43.0,4.8,0.823,12.2,1.74,0.1,36.5,1.05,18.5,9.7,67.0,6.0,16.0,0.2,0.4,1.0,12.5,23.0,20.9,3.8,51.0,21.5,46.4,48.6,12.7
24,Cameroon,Middle Africa,-4.0,2.3,105.8,82.8,66.0,0.1,0.3,38.9,31.7,31.0,34.4,16.6,62.0,28.7,73.0,2751.0,3878.0,0.0,12.2,11.3,13.0,36.9,,,2.1,39.8,29.9,,3365.0,0.569,2.8,21.6,80.9,40.0,119.0,62.0,17.0,21.6,3315.0,3.8,4.2,46.6,2.7,11.5,4.1,33.0,35.9,33.7,822.0,-7.3,,76.2,71.2,81.2,58.6,71.3,28.1,23.5,48.4,98.0,6.3,4.7,7.6,18.3,79.9,321.0,348.0,0.244,-0.3,2.4,0.0,5.8,13.0,0.1,13.0,0.8,45.4,10097.0,10641.0,53.7,25.8,23.8,37.5,3.9,17.3,36.2,32.5,39.2,42.9,59.0,115.0,-2.0,,,,64.7,,43.0,6.3,0.836,11.0,0.8,,21.3,1.03,27.1,21.1,89.0,6.3,24.1,4.3,8.9,1.0,18.0,55.8,51.1,5.0,71.7,30.0,38.3,79.0,
25,Canada,Northern America,10.0,5.3,9.4,100.0,100.0,0.35,15.1,,,,,,2.0,78.4,61.0,34928.0,52070.0,0.0,16.4,16.9,16.0,64.1,,,1.7,38.2,73.6,1.3,44018.0,0.092,,23.7,1615.8,,101.0,113.0,,23.0,43433.0,,1.7,34.0,1.3,6.2,0.5,1.4,17.4,4.3,19824.0,,,65.2,60.7,69.8,82.5,,,,,105.0,13.3,13.3,12.9,40.5,84.7,,,,6.5,,1.0,25.4,100.0,-1.1,24.5,6.2,,,,,,,,1.9,,100.0,100.0,100.0,,,106.0,-1.7,516.0,527.0,528.0,97.9,,,,0.971,0.1,0.08,1.6,100.0,1.06,30.1,90.8,,,36.6,6.4,12.3,1.0,,81.4,,,11.0,99.9,,23.9,10.2
26,Central African Republic,Middle Africa,6.0,,103.8,68.2,61.0,0.11,0.1,30.5,40.7,68.0,15.2,30.5,85.6,6.4,67.2,521.0,809.0,0.0,7.2,5.9,8.5,44.3,,,1.8,35.6,,,661.0,0.673,,17.7,3.1,,106.0,15.0,3.0,17.7,663.0,4.0,19.8,56.2,4.5,18.4,8.6,34.5,49.2,41.7,121.0,4.0,,71.5,63.3,80.0,52.9,36.8,25.7,27.8,46.5,98.0,4.3,3.0,5.6,17.8,27.2,380.0,414.0,0.465,-17.6,28.4,0.0,6.9,,0.0,2.5,0.2,79.4,3530.0,3646.0,58.6,54.7,66.3,62.0,0.7,13.1,21.8,13.2,30.8,53.4,58.0,16.0,,,,,,,83.0,,0.944,545.5,,,0.4,1.03,8.6,,40.0,,4.7,6.0,10.6,1.0,27.0,41.0,29.8,,67.5,9.7,91.2,81.3,
27,Chad,Middle Africa,-2.0,,161.1,54.7,12.0,0.03,0.1,39.0,39.8,67.0,5.7,25.2,87.2,7.9,67.0,1412.0,2088.0,0.0,8.0,6.4,9.5,73.5,,,5.9,3.9,,,1768.0,0.708,2.9,21.4,26.3,1.0,88.0,23.0,3.0,20.6,1750.0,1.3,9.0,43.3,2.2,10.0,3.2,43.0,28.4,42.4,120.0,-15.5,,71.1,64.8,77.6,53.2,22.3,34.3,20.2,45.5,98.0,2.3,1.2,3.4,16.1,43.1,338.0,382.0,0.535,1.5,6.8,0.0,4.9,1.6,-0.4,7.5,0.4,85.9,12029.0,12409.0,62.3,66.2,38.4,46.7,2.7,9.7,,1.7,10.0,49.0,65.0,39.0,,,,,20.2,,57.0,1.4,0.92,16.3,,,2.2,1.03,12.8,,84.0,,14.9,5.9,10.1,1.0,22.9,22.9,28.6,,91.5,14.9,65.5,93.6,
28,Chile,South America,10.0,5.1,45.6,,99.0,0.21,4.7,5.9,1.8,,76.3,128.0,9.6,67.6,58.0,15137.0,28809.0,0.0,16.4,16.7,16.2,55.7,,6.5,2.3,23.9,73.3,3.8,22767.0,0.319,4.9,22.1,411.1,85.0,100.0,100.0,90.0,21.6,21910.0,0.5,3.5,47.7,2.8,11.2,-1.9,7.5,31.1,6.1,5641.0,-0.4,,62.3,50.6,74.4,79.7,96.3,,,,126.0,10.3,10.2,10.5,33.7,130.1,66.0,108.0,,0.9,0.1,1.0,16.2,78.6,-2.5,12.4,2.0,,,,,,,,1.2,,80.6,79.0,80.9,0.6,,247.0,1.0,423.0,459.0,447.0,99.7,78.0,18.0,6.8,0.763,0.5,0.02,0.4,100.0,1.04,15.8,69.2,99.0,,18.1,7.0,16.8,1.0,,87.5,,,23.9,71.3,1.9,29.6,12.3
29,China,Eastern Asia,-7.0,22.4,6.4,96.5,,0.59,7.5,,8.1,,,215.2,17.5,55.9,65.7,12053.0,18295.0,0.0,13.8,14.0,13.6,37.8,,,1.4,22.2,87.5,20.9,15309.0,0.152,,43.6,21223.9,84.0,101.0,95.0,48.0,41.9,15270.0,,0.6,42.2,2.1,9.2,,11.5,23.3,7.9,59270.0,-1.6,,68.9,61.5,76.1,76.4,95.1,38.4,36.1,25.5,128.0,7.8,7.6,8.3,37.0,97.3,67.0,92.0,0.017,-0.2,0.0,0.0,14.8,100.0,-5.3,1010.4,150.0,4.0,55825.0,56363.0,41.4,0.3,1.4,3.1,85.1,18.0,77.4,74.0,82.0,,,119.0,-0.6,531.0,494.0,518.0,99.9,,17.0,,0.746,207.7,0.23,2.1,100.0,1.15,24.2,,92.0,5.3,1409.5,4.7,10.8,1.0,,58.0,,,33.0,76.4,9.7,24.7,
30,Colombia,South America,7.0,6.4,47.5,97.2,97.0,0.14,1.8,3.6,12.6,23.0,81.0,53.7,16.1,64.5,64.1,10271.0,15692.0,0.0,14.4,14.9,14.3,34.9,,14.2,4.7,52.7,76.7,0.5,13255.0,0.383,4.5,23.4,650.4,,114.0,98.0,59.0,22.9,12938.0,0.4,25.5,50.8,3.4,14.3,-1.1,19.4,36.2,13.2,3317.0,-1.0,58.2,70.4,58.8,82.6,74.6,94.2,37.9,15.1,47.0,126.0,8.3,8.5,8.1,30.1,120.6,88.0,189.0,0.021,-0.6,0.4,1.0,11.1,51.7,-2.5,33.8,3.8,5.0,2448.0,2448.0,40.8,0.9,4.5,28.0,3.7,6.2,50.2,51.1,49.2,10.0,95.0,244.0,-4.0,390.0,425.0,416.0,95.9,71.0,24.0,3.4,0.74,76.7,1.81,0.2,95.7,1.05,19.8,58.2,71.0,28.9,49.1,9.0,18.4,1.0,6.7,80.4,,,47.1,42.5,8.4,34.1,21.9
31,Comoros,Eastern Africa,-3.0,2.1,65.4,92.1,87.0,0.14,0.2,28.5,31.1,32.0,19.4,30.2,54.9,29.8,41.2,1027.0,1764.0,0.0,11.2,11.1,11.4,619.0,,,1.3,19.9,,,1414.0,,4.3,20.9,1.2,21.0,105.0,61.0,9.0,212.0,1399.0,0.1,7.7,45.3,2.5,11.2,-2.5,47.6,56.0,28.9,27.0,-78.8,,43.1,36.0,50.2,63.9,49.2,31.5,20.9,47.6,98.0,4.8,3.7,5.6,19.7,57.1,199.0,250.0,0.181,-2.7,8.8,0.0,5.2,,0.5,0.5,0.0,37.4,270.0,297.0,48.5,16.2,18.1,42.0,0.1,22.2,,,,29.1,75.0,31.0,-1.8,,,,82.2,,28.0,,0.764,0.6,21.33,,72.2,1.05,6.1,,67.0,0.6,0.8,4.3,10.0,1.0,31.6,28.8,6.4,1.5,63.9,17.9,28.1,69.5,
32,Congo Republic,Middle Africa,-4.0,-22.6,111.8,93.2,96.0,0.11,0.6,23.3,21.2,27.0,30.1,38.9,37.2,36.9,62.1,4905.0,6483.0,0.0,11.4,11.2,11.5,138.6,,,25.6,65.4,40.5,,4881.0,0.578,,26.6,25.7,13.0,104.0,52.0,9.0,26.3,5694.0,3.1,9.3,48.9,3.1,12.8,1.6,21.5,21.2,25.1,224.0,-22.8,,69.7,67.4,72.0,65.1,79.3,13.2,27.2,59.6,105.0,6.3,5.5,6.7,18.9,105.8,237.0,273.0,0.185,-2.6,1.2,0.0,6.3,22.1,-4.1,2.9,0.2,40.4,1873.0,2072.0,45.7,15.5,37.0,46.5,0.8,25.7,48.4,46.7,51.0,29.7,80.0,27.0,-43.3,,,,91.2,,44.0,,0.984,13.3,0.35,,22.6,1.03,14.0,,81.0,1.8,5.3,11.0,22.5,1.0,17.9,66.5,,,74.9,21.0,52.5,77.8,
33,Costa Rica,Central America,10.0,15.5,53.5,98.1,100.0,0.11,1.6,5.3,5.6,21.0,76.2,82.8,12.0,69.5,54.5,10419.0,18851.0,0.0,15.4,15.8,14.9,67.6,36.6,6.9,5.3,54.0,49.5,2.1,15525.0,0.3,7.1,18.0,76.2,78.0,110.0,126.0,54.0,17.2,14636.0,0.4,11.9,48.7,3.0,12.9,0.2,11.9,32.4,7.5,2925.0,,66.3,59.5,45.3,73.9,80.0,97.4,,,,120.0,8.8,8.8,8.5,31.4,171.5,59.0,109.0,,0.8,0.2,0.0,13.7,68.8,-1.8,3.4,0.5,,,,,,,,0.3,,52.9,53.8,51.9,5.6,94.0,352.0,-5.5,400.0,427.0,420.0,90.0,39.0,12.0,,0.82,0.2,0.98,0.6,100.0,1.05,35.1,40.2,67.0,14.8,4.9,8.5,22.7,1.0,7.6,78.6,,,14.0,60.9,1.5,31.4,20.1
34,Cote d'Ivoire,Western Africa,4.0,25.9,132.7,93.2,72.0,0.16,0.5,29.1,21.6,27.0,15.5,33.8,48.3,45.3,55.8,2529.0,4409.0,0.0,9.0,8.1,10.0,48.6,,,1.6,32.7,26.5,,3601.0,0.663,4.8,22.6,87.5,8.0,97.0,46.0,9.0,20.9,3481.0,2.7,11.6,41.5,2.0,8.4,0.5,47.4,27.4,34.2,1583.0,-3.7,,57.3,48.1,66.2,54.1,43.9,40.4,19.7,40.0,98.0,5.2,4.0,6.2,18.3,115.8,371.0,411.0,0.236,0.6,1.9,0.0,5.4,7.7,0.3,13.3,0.7,46.1,10926.0,10926.0,51.2,24.5,28.2,46.3,3.9,17.6,26.1,17.8,34.1,18.0,100.0,52.0,-3.1,,,,73.6,,43.0,6.0,0.889,40.0,0.94,,38.1,1.03,9.2,8.8,85.0,6.4,24.3,2.6,3.7,1.0,30.5,50.3,25.9,,73.3,35.6,48.5,77.7,36.0
35,Croatia,Southern Europe,9.0,9.0,8.9,,,0.2,4.0,,,,,77.0,7.5,65.4,45.8,17507.0,27164.0,1.0,15.0,15.7,14.3,100.4,29.5,16.0,3.8,34.3,70.7,0.6,22670.0,0.124,4.6,20.5,93.5,63.0,95.0,98.0,67.0,19.9,22162.0,0.1,1.0,30.8,1.1,5.2,,5.0,17.3,4.1,13809.0,-5.1,68.7,51.3,45.5,57.7,77.8,99.1,,,,208.0,11.3,11.2,11.7,42.6,104.8,55.0,130.0,,-1.5,0.2,0.0,30.1,57.6,-5.9,2.7,0.8,,,,,,,,0.2,,95.7,94.5,96.9,2.6,,89.0,-2.1,464.0,487.0,475.0,99.9,100.0,14.0,7.2,0.899,24.9,4.53,0.9,100.0,1.06,18.5,90.5,99.0,,4.2,10.8,25.9,1.0,,56.7,13.0,3.0,8.7,82.7,,22.4,16.9
36,Cuba,Caribbean,-5.0,,43.6,98.5,100.0,,3.0,,,26.0,73.7,,18.6,64.9,53.0,5001.0,10045.0,0.0,14.0,14.3,13.7,31.6,,6.1,,30.8,85.8,18.3,,0.301,,9.4,,102.0,101.0,100.0,34.0,8.6,7524.0,0.4,5.0,,,,,10.9,,5.3,3968.0,4.1,39.7,54.3,41.5,67.3,79.9,99.8,,,,,11.8,11.6,12.1,41.1,34.7,70.0,106.0,,-1.3,0.1,0.0,21.3,,,8.0,1.7,,,,,,,,0.6,,86.9,86.7,88.9,5.4,100.0,510.0,,,,,99.9,,9.0,,0.651,5.3,,0.4,100.0,1.06,48.9,69.8,96.0,,11.5,2.6,5.5,1.0,8.0,77.0,,,10.3,,2.7,23.2,
37,Cyprus,Western Asia,10.0,2.2,4.6,99.2,100.0,0.24,5.3,,,,,241.3,3.5,79.4,56.0,26580.0,36543.0,1.0,14.6,15.0,14.2,131.6,27.0,10.4,48.6,18.7,92.9,28.4,32415.0,0.085,6.1,20.4,27.8,80.0,99.0,100.0,60.0,21.1,31568.0,,1.1,34.0,1.4,5.3,1.9,11.7,18.7,3.6,3187.0,-50.2,74.4,62.8,58.1,67.5,80.7,98.7,,,,126.0,12.1,12.0,12.2,34.9,133.4,34.0,67.0,,4.0,,0.0,19.2,100.0,-0.1,0.8,0.2,,,,,,,,0.1,,78.6,76.8,80.7,2.4,,94.0,-23.0,437.0,443.0,433.0,97.4,100.0,12.0,8.4,0.983,0.0,1.67,0.5,100.0,1.07,17.9,84.2,100.0,,1.2,10.8,23.1,1.0,,66.8,15.0,2.0,12.6,90.0,,24.1,16.0
38,Czech Republic,Eastern Europe,9.0,4.6,10.0,,100.0,0.31,9.2,,,,86.3,62.1,2.9,59.3,58.1,23224.0,38206.0,1.0,16.9,17.6,16.1,151.7,23.1,13.2,4.3,34.5,76.0,12.6,32606.0,0.124,4.0,26.3,345.3,105.0,99.0,105.0,64.0,25.2,30588.0,0.1,0.6,25.9,0.9,3.7,-0.6,1.6,10.8,3.3,9321.0,7.4,74.8,59.9,52.0,68.3,78.9,,,,,196.0,12.7,12.6,13.1,41.4,117.7,53.0,115.0,,1.1,,1.0,29.0,100.0,-1.7,7.0,2.0,,,,,,,,0.5,,99.8,99.8,99.8,0.5,,195.0,-7.2,492.0,487.0,493.0,99.8,100.0,19.0,12.0,0.971,1.3,1.66,1.9,100.0,1.06,21.1,95.2,92.0,,10.6,3.1,8.3,1.0,4.3,73.7,21.0,4.0,14.2,78.6,,23.4,7.0
39,DR Congo,Middle Africa,-3.0,-12.4,124.2,88.4,25.0,0.08,0.1,26.7,42.7,37.0,20.4,11.6,81.9,7.0,69.8,703.0,889.0,0.0,9.8,8.7,10.6,75.0,,,3.4,67.3,5.4,,808.0,0.652,2.3,20.8,65.7,4.0,108.0,46.0,7.0,20.6,796.0,0.7,13.5,42.1,2.1,8.8,0.3,26.3,28.2,36.1,191.0,-0.2,,72.4,71.4,73.5,60.0,77.0,18.9,25.0,56.1,98.0,6.8,5.3,8.4,16.8,36.7,232.0,280.0,0.378,0.0,6.2,0.0,6.0,15.0,-2.3,41.2,2.5,72.5,53417.0,57050.0,52.2,42.2,77.1,63.9,14.8,17.7,50.7,36.7,65.8,54.7,95.0,32.0,-2.6,,,,80.1,,33.0,5.1,0.891,611.9,0.05,0.1,0.4,1.03,8.2,44.4,90.0,4.3,81.3,3.7,7.3,1.0,27.7,43.9,50.7,,53.5,24.2,90.5,91.3,21.4
40,Denmark,Northern Europe,10.0,18.3,4.1,,100.0,0.13,5.9,,,,,200.7,2.6,78.6,59.4,40293.0,55624.0,1.0,19.1,19.8,18.4,103.4,28.6,12.2,-0.7,14.6,65.7,10.6,46683.0,0.04,7.6,21.0,269.3,96.0,102.0,129.0,81.0,20.4,47918.0,,1.0,28.2,1.0,4.0,1.1,4.3,14.4,3.4,10781.0,9.2,97.5,63.1,59.2,67.2,80.9,,,,,126.0,12.6,12.7,12.4,41.6,122.3,52.0,87.0,,3.8,,1.0,30.8,100.0,2.4,3.7,1.1,,,,,,,,0.3,,90.7,90.1,91.3,0.2,,61.0,4.3,511.0,500.0,502.0,94.4,100.0,11.0,15.6,0.972,0.0,0.42,3.0,100.0,1.06,37.4,76.6,100.0,,5.7,5.9,11.4,1.0,,87.8,32.0,11.0,5.8,100.0,,25.8,5.8
41,Djibouti,Eastern Africa,3.0,,18.8,87.7,92.0,0.2,0.8,,33.5,5.0,19.0,35.0,29.8,40.5,55.6,2491.0,4286.0,0.0,6.2,5.8,6.7,108.5,,,9.1,0.2,,,,,,50.4,,7.0,64.0,44.0,,24.9,3392.0,1.3,6.5,44.1,2.3,10.2,2.9,47.0,27.7,30.8,63.0,-40.2,,59.0,49.5,68.5,62.6,,36.4,26.4,37.3,98.0,4.1,,,23.7,36.6,226.0,273.0,0.17,1.4,10.4,0.0,6.5,12.0,-0.6,0.6,0.0,34.6,276.0,326.0,49.0,15.7,22.5,23.0,0.1,18.5,,,,15.6,100.0,68.0,,,,,87.4,,30.0,,0.822,1.8,3.37,,2.0,1.04,10.8,,93.0,7.1,1.0,5.8,11.7,1.0,,77.6,,,39.1,8.8,,48.0,
42,Dominican Republic,Caribbean,7.0,17.1,95.0,98.0,88.0,0.16,2.1,7.0,7.1,36.0,69.5,57.8,12.4,70.2,63.1,8909.0,18975.0,0.0,13.7,14.5,13.0,52.9,47.4,6.6,4.7,41.0,86.5,30.4,14601.0,0.451,,21.8,157.2,44.0,102.0,77.0,53.0,21.9,13921.0,1.0,15.2,45.3,2.5,10.4,-2.0,19.1,28.1,15.4,5959.0,1.2,,66.8,54.4,79.5,74.0,92.0,33.9,33.0,33.1,98.0,7.8,8.1,7.5,26.1,81.8,118.0,202.0,0.016,-3.0,0.3,0.0,11.0,11.1,-2.2,6.9,0.8,4.1,431.0,441.0,38.9,0.5,1.6,30.5,1.1,5.2,56.6,58.6,54.4,16.2,85.0,233.0,-7.2,328.0,358.0,332.0,99.6,5.0,19.0,,0.735,0.4,8.14,,100.0,1.05,24.3,50.2,86.0,20.9,10.8,5.5,12.4,1.0,11.4,80.3,20.4,,40.9,54.1,3.8,46.0,25.4
43,Ecuador,South America,5.0,13.1,73.9,,94.0,0.25,2.8,,23.9,22.0,80.1,38.1,26.9,54.5,64.9,7388.0,13307.0,0.0,14.7,15.4,13.9,42.0,35.2,8.3,0.6,50.5,86.9,,10582.0,0.385,5.0,25.4,175.9,72.0,104.0,107.0,46.0,24.3,10347.0,0.3,5.9,45.0,2.4,10.7,-3.7,13.8,30.5,13.9,1418.0,-1.5,53.5,68.3,55.4,81.3,76.6,94.4,23.4,40.8,35.8,84.0,8.7,8.6,8.8,26.6,84.7,85.0,159.0,0.018,-0.5,0.3,0.0,11.0,52.0,-0.3,10.7,1.2,4.5,714.0,736.0,40.0,0.8,3.6,21.5,1.6,7.5,52.2,52.1,52.2,9.3,82.0,162.0,-6.9,,,,96.7,22.0,25.0,5.2,0.686,1.3,2.76,0.4,99.8,1.05,38.0,46.6,91.0,26.8,16.6,4.9,10.9,1.0,8.8,63.7,37.5,,45.6,42.6,10.8,44.1,17.6
44,Egypt,Northern Africa,-4.0,2.3,50.0,90.3,99.0,0.22,2.2,4.8,22.3,17.0,58.5,99.0,24.8,49.6,42.2,4081.0,16489.0,0.0,13.1,13.1,13.1,44.8,,7.7,3.1,0.1,96.0,126.6,10550.0,0.449,,15.3,1029.2,30.0,104.0,86.0,34.0,14.8,10355.0,0.1,2.5,31.8,1.3,4.6,-0.1,36.9,36.3,11.6,5258.0,0.8,38.2,48.0,22.2,73.7,71.7,75.1,52.8,40.3,6.9,90.0,7.2,6.5,7.9,24.7,102.2,109.0,186.0,0.02,-0.6,0.6,0.0,8.4,37.5,0.9,59.9,5.0,5.2,4790.0,4992.0,37.6,0.6,1.3,27.8,12.9,6.1,64.5,58.2,70.7,3.9,74.0,76.0,-13.2,,,,91.5,49.0,23.0,,0.914,22.1,9.57,0.7,100.0,1.06,14.9,58.1,92.0,18.9,97.6,12.1,34.4,1.0,12.6,42.7,25.6,,20.1,27.0,42.7,54.5,27.6
45,El Salvador,Central America,8.0,4.1,69.5,96.0,99.0,0.15,1.0,10.0,13.6,26.0,72.0,89.3,18.8,60.0,58.6,5226.0,8722.0,0.0,12.6,12.5,12.8,72.5,34.1,9.5,1.3,12.8,48.4,,7292.0,0.392,3.5,16.9,46.5,66.0,100.0,74.0,28.0,15.5,6868.0,0.6,82.8,40.0,1.9,7.9,-4.0,30.3,23.2,12.2,1434.0,-1.8,25.6,61.4,47.0,78.8,73.8,88.0,43.2,15.9,40.9,112.0,6.9,6.7,7.3,25.8,151.9,101.0,258.0,0.033,-7.7,0.5,0.0,12.9,18.1,-2.8,4.1,0.5,7.9,499.0,504.0,41.3,1.7,2.2,38.2,0.6,9.9,43.3,42.2,47.9,22.0,96.0,492.0,-4.4,,,,99.9,24.0,28.0,9.7,0.829,25.9,20.37,0.1,98.8,1.05,32.1,38.5,77.0,19.9,6.4,4.5,9.9,1.0,11.0,71.3,26.3,,35.7,24.4,6.3,42.5,29.9
46,Equatorial Guinea,Middle Africa,-6.0,,155.6,91.3,54.0,0.15,4.7,,26.2,30.0,12.6,21.1,59.5,34.1,55.1,14869.0,23258.0,0.0,9.3,,,94.4,,,0.5,55.9,,,22605.0,,,12.0,28.7,43.0,62.0,,,12.0,19513.0,6.2,2.3,,,,,,,35.0,,,,59.2,55.7,61.8,57.9,,,,,84.0,5.5,4.0,7.3,22.2,47.1,311.0,349.0,,16.9,0.1,0.0,4.7,,,0.8,0.0,,,,,,,,0.2,,,,,27.9,37.0,129.0,,,,,,,23.0,,0.813,0.1,,,52.6,1.03,19.7,,84.0,,1.3,6.9,14.2,1.0,33.8,71.6,56.9,,35.7,,13.0,62.0,
47,Eritrea,Eastern Africa,-7.0,,51.6,88.5,,0.09,0.1,,50.3,41.0,8.4,,83.9,9.1,76.2,1451.0,2048.0,0.0,5.4,4.9,5.8,37.5,,,1.5,15.0,22.3,,,,,10.0,,14.0,54.0,33.0,2.0,,1750.0,0.6,8.0,,,,,,,21.4,142.0,,,81.4,75.4,87.4,65.5,64.7,,,,60.0,4.0,,,18.9,10.2,213.0,287.0,,-6.9,5.2,0.0,6.6,,,2.8,0.2,,,,,,,,0.7,,,,,26.9,61.0,,,,,,,,43.0,,0.909,464.1,,,39.3,1.05,22.0,,80.0,,5.1,6.4,11.3,1.0,27.4,39.5,,,46.3,,75.2,76.5,
48,Estonia,Northern Europe,9.0,12.6,12.6,,100.0,0.55,14.8,,,,,4.8,3.9,66.2,58.5,21896.0,37043.0,1.0,16.1,16.9,15.3,151.6,31.6,16.3,3.3,52.7,12.3,13.4,29481.0,0.122,5.5,25.4,38.8,88.0,97.0,111.0,72.0,23.7,28993.0,,3.2,32.7,1.2,5.4,-0.3,2.3,18.9,4.3,3147.0,-2.7,87.4,62.8,56.4,70.3,77.7,99.9,,,,140.0,12.7,13.0,12.2,41.6,144.6,65.0,181.0,,-1.6,,1.0,30.3,100.0,-1.4,0.8,0.3,,,,,,,,0.1,,100.0,100.0,100.0,2.0,,216.0,8.0,520.0,519.0,534.0,99.4,99.0,11.0,6.0,0.984,0.3,1.93,1.5,100.0,1.06,26.7,89.2,100.0,,1.3,6.8,13.9,1.0,,68.7,20.0,9.0,5.7,98.4,,25.5,9.1
49,Eswatini,Southern Africa,-9.0,12.3,77.0,98.5,54.0,0.12,0.9,7.8,25.5,5.0,66.1,24.1,69.1,18.5,40.0,5722.0,9641.0,0.0,11.2,10.8,11.6,102.2,,,0.7,34.1,,,7739.0,0.569,7.1,12.4,10.6,,108.0,67.0,5.0,12.4,7620.0,27.2,,51.5,3.5,14.2,0.7,24.1,37.9,26.2,947.0,-34.4,,54.3,42.7,67.2,58.3,83.1,17.5,29.9,52.6,14.0,6.5,6.1,6.9,20.4,74.1,356.0,497.0,0.083,-1.0,4.0,0.0,5.3,86.0,-2.4,0.8,0.0,19.6,254.0,263.0,42.4,4.4,42.0,63.0,0.2,20.9,31.3,30.0,32.7,20.9,82.0,289.0,-1.4,,,,88.3,,28.0,7.7,0.818,0.2,2.58,,61.2,1.03,14.7,15.8,64.0,2.1,1.4,26.4,54.8,1.0,15.2,23.6,,,19.1,27.4,34.4,62.3,
50,Ethiopia,Eastern Africa,1.0,4.0,62.5,62.4,3.0,0.08,0.1,48.6,38.4,40.0,36.5,,68.2,22.4,78.2,1304.0,2136.0,0.0,8.5,8.2,9.1,31.5,21.1,7.6,5.5,12.5,6.1,8.6,1730.0,0.502,4.5,39.0,181.6,30.0,102.0,35.0,8.0,39.0,1719.0,1.1,7.6,39.1,1.8,7.1,6.3,43.5,13.4,24.9,871.0,,,82.5,77.2,87.8,65.9,39.0,29.2,20.0,50.8,90.0,2.7,1.6,3.8,18.6,50.0,194.0,245.0,0.49,-0.1,5.6,0.0,6.3,15.3,-2.5,58.7,3.7,83.8,85834.0,85834.0,58.5,61.8,26.7,29.6,15.4,8.7,15.8,11.2,21.4,61.8,85.0,128.0,-2.0,,,,27.7,2.0,,10.6,0.84,87.5,1.01,0.6,26.5,1.04,37.3,7.3,68.0,21.0,105.0,5.2,7.4,1.0,22.8,20.3,28.0,,88.2,29.1,51.5,72.5,10.5
51,Fiji,Melanesia,4.0,4.8,43.9,100.0,,0.16,1.3,,,,,120.9,39.5,47.2,54.6,5604.0,10963.0,0.0,15.3,,,78.0,38.6,,5.9,55.7,,,8703.0,0.352,3.9,20.0,7.9,,106.0,89.0,,16.4,8324.0,0.1,2.3,36.4,1.6,5.8,-1.3,,,10.9,792.0,,,58.3,40.8,75.4,70.4,,,,,84.0,10.8,10.9,10.7,27.6,116.2,135.0,233.0,,-6.6,2.4,0.0,9.5,10.6,,0.6,0.1,,,,,,,,0.1,,76.0,77.3,68.3,2.8,100.0,174.0,-5.1,,,,99.9,,28.0,5.3,0.671,0.7,5.41,,98.0,1.06,16.0,63.2,87.0,5.7,0.9,6.3,18.8,1.0,,55.7,64.1,8.5,38.4,,11.2,43.6,20.1
52,Finland,Northern Europe,10.0,7.8,6.8,,100.0,0.22,8.7,,,,85.5,120.8,3.9,73.8,53.2,34504.0,47691.0,1.0,17.6,18.4,16.9,76.7,34.1,13.5,4.3,73.1,39.7,6.0,40586.0,0.058,7.2,22.8,223.7,83.0,100.0,152.0,87.0,22.6,41002.0,,1.4,27.1,1.0,3.9,0.0,1.9,11.7,2.8,2789.0,4.6,86.6,58.3,54.8,61.9,81.5,,,,,147.0,12.4,12.6,12.3,42.5,133.9,43.0,94.0,,3.0,,1.0,34.0,100.0,-3.6,3.4,1.2,,,,,,,,0.3,,100.0,100.0,100.0,0.2,,57.0,1.1,511.0,526.0,531.0,99.9,100.0,13.0,11.4,0.989,0.0,0.35,2.9,100.0,1.05,42.0,88.3,100.0,,5.5,8.7,19.9,1.0,,85.3,30.0,11.0,10.1,99.6,,26.3,9.9
53,France,Western Europe,10.0,7.1,8.6,,100.0,0.12,4.6,,,,78.4,157.7,2.9,76.8,49.9,32518.0,46218.0,1.0,16.4,16.8,16.0,62.9,31.1,14.1,2.0,31.0,46.6,14.1,38606.0,0.083,5.5,23.5,2591.2,109.0,107.0,111.0,65.0,22.5,39254.0,0.4,1.4,32.7,1.3,5.2,1.4,8.6,18.1,3.6,82570.0,6.3,85.5,55.2,50.6,60.1,82.7,,,,,112.0,11.5,11.3,11.8,41.2,104.4,49.0,101.0,,1.1,,1.0,31.7,100.0,1.6,40.4,12.8,,,,,,,,3.8,,83.2,80.6,85.6,,,95.0,0.4,493.0,499.0,495.0,97.4,,18.0,7.5,0.875,0.1,0.97,2.2,100.0,1.05,35.4,82.6,99.0,,65.0,9.7,23.6,1.0,,80.2,26.0,9.0,7.6,91.3,,29.1,11.8
54,Gabon,Middle Africa,3.0,,95.3,94.7,90.0,0.17,2.8,19.6,17.0,22.0,31.1,18.7,41.9,45.6,41.3,11789.0,20825.0,0.0,12.8,12.5,13.4,71.2,,,5.0,89.3,24.2,,16562.0,0.534,2.7,32.4,33.5,,,,,27.9,16431.0,3.6,8.0,42.2,2.1,8.4,0.0,23.5,20.4,23.1,,,,51.4,42.9,59.4,66.5,82.3,22.1,31.5,46.3,98.0,8.2,7.4,9.1,22.6,149.6,212.0,253.0,0.067,9.6,0.3,0.0,7.5,38.8,0.9,1.2,0.1,15.0,264.0,298.0,44.3,4.8,,,0.3,17.6,57.6,65.6,49.8,,,210.0,1.4,,,,89.3,,,4.5,0.961,0.2,,0.6,55.0,1.03,17.4,,,,2.0,19.6,36.5,1.0,26.5,89.0,48.6,5.0,32.2,53.7,15.2,60.2,
55,Gambia,Western Africa,4.0,-16.9,79.2,86.2,72.0,0.17,0.3,,24.6,30.0,9.0,55.9,27.1,57.6,53.7,1168.0,1870.0,0.0,9.2,9.3,9.2,60.8,33.7,,-0.2,48.2,,,1562.0,0.623,2.8,19.2,3.3,39.0,97.0,,3.0,19.2,1516.0,1.7,9.1,35.9,1.5,5.9,-4.2,49.3,31.5,28.5,161.0,,,59.3,51.2,67.7,61.4,42.0,34.3,28.3,37.4,180.0,3.5,2.9,4.3,17.0,139.2,231.0,287.0,0.286,-1.5,9.8,0.0,4.5,17.0,-0.7,1.1,0.0,55.3,1028.0,1127.0,51.8,32.0,10.1,48.4,0.4,21.8,35.3,29.0,42.3,24.9,88.0,58.0,,,,,57.2,,39.0,7.7,0.981,14.6,21.25,0.1,15.5,1.03,10.3,12.9,96.0,15.2,2.1,9.5,12.9,1.0,24.9,60.6,20.1,,71.2,,62.3,86.6,34.0
56,Georgia,Western Asia,7.0,8.2,45.9,97.6,100.0,0.28,2.4,1.6,11.3,14.0,53.4,61.6,40.9,46.6,59.8,6177.0,12481.0,0.0,15.0,15.3,14.8,112.6,,16.0,11.9,40.6,72.2,2.9,9745.0,0.35,3.8,31.9,36.2,,103.0,104.0,52.0,29.5,9186.0,0.5,1.0,36.5,1.5,6.5,-0.8,2.2,25.7,8.1,6361.0,-1.7,56.7,67.6,57.9,78.8,73.4,99.6,,,,183.0,12.8,12.8,12.8,38.0,140.9,78.0,224.0,,-14.9,3.4,0.0,22.5,91.9,-3.7,2.6,0.6,,,,,,,,0.3,,95.5,95.1,96.0,0.8,95.0,274.0,-10.0,404.0,401.0,411.0,99.9,100.0,9.0,3.3,0.863,6.5,11.83,0.3,100.0,1.08,16.0,94.4,99.0,37.6,3.9,11.6,29.3,1.0,12.3,58.2,6.1,2.7,57.0,63.6,16.8,29.1,
57,Germany,Western Europe,10.0,13.6,6.5,,100.0,0.2,8.9,,,,68.7,127.3,1.3,71.5,58.2,37689.0,54843.0,1.0,17.0,16.9,17.0,86.9,28.1,,2.1,32.7,79.8,21.4,45229.0,0.072,4.9,19.8,3740.2,107.0,102.0,101.0,66.0,20.3,46136.0,,1.2,31.7,1.2,5.1,1.0,2.7,17.7,3.0,35555.0,3.8,81.2,60.5,55.0,66.2,81.2,,,,,98.0,14.1,13.6,14.5,45.9,126.3,50.0,92.0,,4.4,,1.0,32.8,100.0,0.1,53.8,17.6,,,,,,,,3.6,,96.5,96.2,96.8,3.5,,78.0,7.5,506.0,509.0,509.0,98.7,,12.0,13.5,0.983,0.1,0.46,2.9,100.0,1.06,31.5,86.5,54.0,,82.1,3.7,6.4,1.0,,77.3,22.0,7.0,6.0,99.2,,20.0,6.7
58,Ghana,Western Africa,8.0,-14.8,66.6,90.5,71.0,0.14,0.5,19.9,18.8,21.0,33.0,30.6,40.7,45.2,75.1,3349.0,4849.0,0.0,11.6,11.5,11.8,90.6,26.7,6.0,6.9,41.0,52.3,,4228.0,0.538,6.2,16.1,121.9,117.0,105.0,60.0,16.0,15.3,4096.0,1.6,1.7,42.4,2.1,8.9,-0.4,34.9,25.3,26.2,897.0,0.9,,76.9,74.8,79.2,63.0,71.5,31.8,20.4,47.8,84.0,7.1,6.3,7.9,20.4,135.8,221.0,261.0,0.132,-0.4,3.2,0.0,5.8,33.3,2.0,16.8,1.0,28.9,7798.0,8158.0,45.5,9.6,12.0,24.2,4.1,21.4,62.1,54.6,70.4,15.0,55.0,53.0,-12.2,,,,70.8,,27.0,17.2,0.844,17.0,7.47,0.4,66.6,1.05,12.7,24.8,79.0,10.5,28.8,2.4,4.9,1.0,26.3,55.4,24.4,4.0,66.1,53.7,25.7,66.3,25.5
59,Greece,Southern Europe,10.0,-8.6,7.2,,100.0,0.26,6.2,,,,,116.7,12.1,72.6,41.6,19658.0,29796.0,1.0,17.3,17.0,17.5,67.5,24.7,19.5,2.0,31.5,85.1,14.0,24574.0,0.12,,11.7,264.4,47.0,95.0,99.0,117.0,12.6,24648.0,,0.8,36.0,1.5,7.1,1.6,13.1,22.8,3.5,24799.0,-0.9,67.1,52.9,45.5,60.6,81.4,97.1,,,,119.0,10.8,10.5,11.0,43.3,112.1,41.0,89.0,,-2.9,,1.0,31.2,77.4,4.6,7.3,2.3,,,,,,,,0.5,,69.2,65.4,73.2,8.3,,109.0,-13.7,454.0,467.0,455.0,,,10.0,,0.848,0.1,0.15,1.0,100.0,1.07,18.3,76.7,99.0,,11.2,21.4,42.8,1.0,,78.7,19.0,1.0,26.5,84.5,,21.7,15.8
60,Guatemala,Central America,8.0,2.3,70.9,91.3,96.0,0.16,1.2,,46.7,30.0,60.6,40.5,29.4,49.6,60.3,4768.0,9869.0,0.0,10.8,10.7,10.9,45.7,39.2,5.4,1.4,33.0,37.4,2.6,7424.0,0.493,2.8,12.1,125.6,45.0,101.0,64.0,21.0,12.3,7278.0,0.5,27.3,48.3,2.9,11.9,-2.7,35.0,32.2,16.0,1906.0,,,62.0,40.6,85.0,73.7,81.3,34.8,26.6,38.5,84.0,6.5,6.4,6.5,21.3,110.1,112.0,212.0,0.134,-0.6,0.4,0.0,7.8,8.3,-2.3,10.2,0.8,29.1,4725.0,4821.0,46.2,11.3,8.7,59.3,2.0,21.1,37.8,38.4,37.2,25.2,,121.0,-2.4,,,,65.5,,22.0,21.9,0.722,16.3,11.18,0.0,86.4,1.05,12.7,19.0,95.0,22.3,16.9,2.7,5.8,1.0,13.9,50.7,18.0,,34.7,42.1,13.4,58.2,27.3
61,Guinea,Western Africa,4.0,,135.3,84.3,75.0,0.12,0.2,32.8,32.4,51.0,8.7,22.9,68.2,25.9,61.3,1804.0,2328.0,0.0,9.1,7.8,10.4,140.1,,,16.3,25.9,,,2081.0,,2.4,43.1,26.5,,94.0,40.0,11.0,75.1,2067.0,1.5,8.8,33.7,1.3,5.5,-3.3,48.3,17.1,31.2,35.0,-6.1,,64.2,63.0,65.4,60.6,32.0,38.6,18.9,42.5,98.0,2.6,1.5,3.9,18.4,87.1,243.0,270.0,0.337,-4.4,6.4,0.0,5.7,8.8,-1.9,6.9,0.4,62.0,7679.0,7679.0,54.5,38.1,35.3,55.2,2.0,17.1,11.7,,,34.1,75.0,26.0,-16.3,,,,62.7,,46.0,3.0,0.896,20.3,0.53,,6.9,1.02,21.9,,76.0,2.6,12.7,4.5,5.5,1.0,27.6,35.8,,,90.1,19.7,69.4,77.4,
62,Guinea-Bissau,Western Africa,6.0,-18.7,84.5,92.4,24.0,0.11,0.2,36.2,27.6,24.0,16.0,14.1,83.5,9.6,67.3,1269.0,1843.0,0.0,10.5,,,59.0,,,1.2,70.1,,,1549.0,,2.1,10.5,2.9,,,,,10.4,1552.0,3.1,9.5,50.7,3.3,12.6,10.0,41.9,37.9,38.4,44.0,,,71.6,65.6,78.1,57.8,45.6,33.9,21.4,44.7,60.0,3.0,,,18.9,70.8,241.0,292.0,0.373,-1.2,16.5,0.0,5.4,6.2,-1.0,1.0,0.1,67.4,1163.0,1224.0,55.4,40.5,67.1,69.3,0.3,19.1,,,,,39.0,,0.3,,,,45.0,,,3.3,0.96,1.9,7.69,,4.0,1.03,13.7,,,0.7,1.9,6.1,11.6,1.0,22.3,42.9,,,65.3,,78.2,74.8,
63,Guyana,South America,7.0,18.0,85.8,90.7,89.0,0.38,2.6,10.8,11.3,30.0,33.9,60.2,13.4,60.1,50.9,4543.0,10295.0,0.0,11.4,11.7,11.0,100.8,35.4,5.2,0.9,84.0,,0.5,7435.0,0.504,3.2,30.1,5.8,92.0,96.0,99.0,12.0,30.1,7447.0,1.6,18.4,,,,,10.7,25.1,19.5,235.0,-16.6,,57.7,40.7,74.6,66.8,85.6,18.6,31.6,49.7,91.0,8.4,8.4,8.4,24.6,75.6,169.0,247.0,0.014,-7.2,2.0,0.0,8.1,100.0,0.0,0.5,0.0,3.4,26.0,26.0,41.9,0.7,,,0.1,5.9,63.3,70.9,55.5,7.8,70.0,259.0,1.3,,,,85.7,4.0,23.0,6.8,0.922,0.3,7.49,,81.9,1.05,31.9,,88.0,5.3,0.8,11.8,26.3,1.0,28.0,26.5,,,29.7,,6.4,44.1,35.2
64,Haiti,Caribbean,5.0,22.2,37.5,91.0,80.0,0.16,0.3,35.5,22.0,18.0,34.3,31.6,41.3,46.5,58.6,1400.0,1937.0,0.0,9.3,,,75.3,,,1.3,3.5,22.0,10.3,1653.0,0.601,,43.4,18.2,,,,,43.4,1665.0,2.1,10.0,41.1,2.0,8.6,,38.3,48.4,28.6,516.0,,,68.1,63.8,72.6,63.6,48.7,27.9,15.8,56.3,42.0,5.3,4.3,6.6,23.0,60.0,210.0,272.0,0.231,-2.9,13.3,0.0,7.7,1.0,-0.6,6.8,0.5,47.6,4897.0,5163.0,48.6,22.5,23.5,58.5,1.2,20.4,33.2,26.9,39.9,,,97.0,-2.0,,,,41.7,,,,0.721,28.4,29.25,,0.5,1.05,2.7,,,5.2,11.0,14.0,36.0,1.0,38.0,54.3,20.8,2.0,87.5,30.0,50.7,53.0,
65,Honduras,Central America,7.0,18.5,70.8,96.6,94.0,0.25,1.1,,22.6,34.0,73.2,58.4,28.5,50.3,65.1,3277.0,5159.0,0.0,10.2,10.7,9.8,102.4,41.1,8.6,5.5,41.0,52.5,,4542.0,0.461,5.9,23.8,42.1,41.0,96.0,65.0,20.0,23.1,4215.0,0.4,56.5,50.0,3.4,16.9,-4.4,22.7,34.9,18.1,880.0,-1.4,,68.1,50.9,85.8,73.8,89.0,32.9,18.8,48.2,84.0,6.5,6.6,6.5,23.0,86.0,119.0,172.0,0.09,-0.4,2.0,0.0,7.3,56.9,-2.3,5.9,0.4,19.5,1658.0,1776.0,46.4,6.6,16.0,60.9,1.0,22.2,35.5,36.8,33.5,17.4,,196.0,-7.8,,,,82.8,,28.0,9.1,0.744,14.4,18.81,,72.2,1.05,25.8,27.9,85.0,15.4,9.3,4.5,8.2,1.0,10.7,56.5,21.6,,36.1,41.0,21.9,49.7,27.8
66,Hungary,Eastern Europe,10.0,9.7,19.7,,100.0,0.18,4.3,,,,61.6,58.4,5.0,64.8,53.2,19931.0,31413.0,1.0,15.1,15.4,14.8,172.4,37.7,11.7,-10.7,22.9,69.3,4.9,26778.0,0.259,4.6,22.5,261.9,82.0,102.0,102.0,48.0,21.5,25393.0,,2.1,30.4,1.1,4.9,-1.6,3.2,15.2,4.7,5302.0,5.1,78.4,55.6,47.9,64.2,76.1,,,,,168.0,11.9,11.7,12.1,41.7,120.8,84.0,180.0,,0.6,,1.0,27.7,100.0,-1.2,6.5,1.8,,,,,,,,0.4,,96.8,95.7,98.0,1.6,,187.0,1.2,477.0,470.0,477.0,99.2,99.0,11.0,13.6,0.929,3.3,3.33,1.4,100.0,1.06,10.1,87.2,96.0,95.5,9.7,4.3,11.3,1.0,,71.1,21.0,3.0,5.9,72.2,,21.3,11.1
67,India,Southern Asia,9.0,15.5,23.1,,80.0,0.32,1.7,,37.9,27.0,53.5,75.0,42.7,33.5,51.9,2722.0,9729.0,0.0,12.3,12.9,11.9,40.6,,26.9,1.5,23.8,73.5,33.9,6427.0,0.524,3.8,30.7,8606.5,13.0,115.0,75.0,27.0,28.5,6353.0,0.3,3.2,35.1,1.5,5.3,,38.7,18.8,21.4,14569.0,-0.7,,53.8,27.2,78.8,68.8,69.3,23.6,31.6,44.8,182.0,6.4,4.8,8.2,26.7,85.2,139.0,212.0,0.121,-0.4,0.1,0.0,9.0,24.1,-1.4,886.9,80.2,27.5,364225.0,364225.0,43.9,8.6,21.2,21.9,119.8,19.1,51.6,39.0,63.5,9.8,70.0,33.0,-2.3,,,,85.7,,35.0,3.1,0.684,7.9,2.66,0.6,77.6,1.11,11.6,18.5,97.0,17.3,1339.2,3.5,10.5,1.0,12.9,33.6,28.7,,77.5,76.6,42.9,42.0,27.5
68,Indonesia,South-Eastern Asia,9.0,16.0,47.4,95.4,73.0,0.18,1.8,,36.4,14.0,60.9,47.0,31.2,47.1,63.4,7259.0,14385.0,0.0,12.8,12.8,12.8,39.5,21.5,14.9,2.2,50.2,65.6,,11189.0,0.453,3.6,33.4,2953.7,60.0,103.0,86.0,28.0,32.2,10846.0,0.4,0.5,39.5,1.8,6.6,,16.5,24.9,14.8,11519.0,-0.5,23.5,66.3,50.7,81.8,69.4,95.4,29.1,25.3,45.6,90.0,8.0,7.5,8.4,28.0,147.7,143.0,204.0,0.029,-0.7,0.0,0.0,7.9,14.0,0.9,177.7,14.0,7.2,18036.0,18922.0,40.5,1.2,6.5,10.6,24.7,9.1,48.8,44.5,53.2,18.1,,64.0,-4.0,386.0,397.0,403.0,92.6,42.0,14.0,7.8,0.763,7.0,0.89,0.1,94.8,1.05,19.8,40.8,97.0,39.6,264.0,4.3,15.6,1.0,14.5,54.7,18.3,,47.5,51.4,27.6,40.6,21.4
69,Iran,Southern Asia,-7.0,,25.0,96.9,99.0,0.49,8.3,,6.8,17.0,77.4,77.6,17.1,50.5,38.4,6094.0,32017.0,0.0,14.9,14.6,15.1,46.1,,32.1,0.8,6.6,99.0,,19083.0,0.461,3.4,34.2,1548.8,51.0,109.0,89.0,69.0,20.5,19130.0,0.1,2.5,38.8,1.7,7.2,-2.1,4.9,19.7,9.0,4942.0,-0.7,52.1,44.2,16.8,71.4,76.2,84.7,,,,270.0,9.8,9.7,9.9,29.5,100.3,61.0,100.0,,-1.0,0.0,0.0,7.7,26.4,,57.5,4.4,,,,,,,,6.7,,68.5,65.8,70.9,2.5,100.0,287.0,,,,,99.0,87.0,27.0,3.9,0.835,118.3,0.31,0.3,100.0,1.05,5.9,,97.0,2.7,81.2,13.1,30.3,1.0,5.7,74.4,,,41.4,91.6,1.1,33.4,
70,Iraq,Western Asia,6.0,-13.0,80.1,77.7,99.0,0.32,4.8,5.6,22.1,24.0,52.5,8.7,18.7,61.6,42.7,6039.0,29250.0,0.0,11.0,10.1,12.0,73.9,,,0.1,1.9,97.3,,15664.0,0.506,,17.4,599.5,,,,,17.4,17789.0,,9.9,29.5,1.1,4.4,,27.2,16.1,17.3,892.0,,,46.5,18.7,74.1,70.0,43.7,51.7,36.2,12.1,98.0,6.8,5.4,7.8,19.4,81.2,128.0,195.0,0.059,2.8,1.3,0.0,5.6,56.0,,21.6,1.2,14.7,4650.0,5453.0,40.0,3.0,2.5,18.9,5.8,7.9,47.7,38.7,56.7,,,123.0,0.5,,,,70.4,,,,0.819,360.6,0.52,0.0,100.0,1.07,25.3,28.4,,,38.3,8.2,18.0,1.0,8.0,70.3,,,35.2,19.5,31.6,71.6,40.6
71,Ireland,Northern Europe,10.0,20.6,9.7,,100.0,0.15,7.3,,,,,84.2,5.4,75.5,56.2,42771.0,64916.0,1.0,19.6,19.7,19.5,207.9,31.1,13.7,15.4,10.9,85.4,1.5,67335.0,0.109,4.9,24.2,324.1,113.0,101.0,126.0,84.0,23.4,53754.0,0.2,0.8,31.9,1.2,5.1,-0.6,2.9,20.1,2.8,10100.0,1.2,86.0,60.0,53.0,67.3,81.6,,,,,182.0,12.5,12.7,12.1,36.9,103.2,47.0,81.0,,-6.0,,1.0,21.6,95.8,-0.3,3.1,0.7,,,,,,,,0.3,,88.3,90.2,86.3,,,80.0,-30.5,504.0,521.0,503.0,99.7,,16.0,32.0,0.917,0.0,0.19,1.5,100.0,1.06,24.3,82.8,99.0,,4.8,6.4,13.6,1.0,,62.9,15.0,5.0,11.9,95.3,,33.6,12.5
72,Israel,Western Asia,6.0,15.9,9.2,,100.0,0.25,7.9,,,,,81.1,1.1,81.6,61.4,24620.0,40910.0,0.0,15.9,16.5,15.3,58.4,34.3,,5.4,7.6,96.3,,33132.0,0.098,5.7,20.5,288.7,111.0,104.0,104.0,64.0,20.3,32711.0,,1.4,41.4,2.0,9.8,0.3,7.0,26.4,3.3,2900.0,-0.9,78.7,64.2,59.3,69.2,82.7,,,,,105.0,13.0,13.0,13.0,30.2,129.0,41.0,72.0,,0.5,,1.0,19.4,99.1,0.3,5.0,1.0,,,,,,,,0.8,,89.1,87.8,90.5,0.8,,256.0,-3.1,470.0,479.0,467.0,,,12.0,2.2,0.748,0.5,0.28,4.3,100.0,1.05,27.5,88.6,98.0,,8.3,4.3,7.7,1.0,,92.3,,,12.2,93.7,,46.1,14.9
73,Italy,Southern Europe,10.0,5.1,6.1,,100.0,0.16,5.3,,,,65.1,166.2,3.9,69.8,43.1,25767.0,45326.0,1.0,16.3,16.6,15.9,59.5,22.0,16.0,1.0,31.6,79.2,28.1,35220.0,0.087,4.1,17.2,2132.6,99.0,101.0,103.0,63.0,17.5,35299.0,0.3,0.7,34.7,1.4,6.6,1.0,10.5,22.5,2.9,52372.0,1.7,57.2,48.6,39.5,58.3,83.2,98.8,,,,150.0,10.2,10.0,10.4,45.9,153.0,37.0,65.0,,0.9,,1.0,36.3,100.0,0.3,37.7,13.7,,,,,,,,2.4,,79.6,75.6,83.0,0.8,,86.0,5.0,490.0,485.0,481.0,99.9,,12.0,8.9,0.917,0.1,0.51,1.3,100.0,1.06,30.1,67.5,99.0,,59.4,11.3,36.9,1.0,,70.1,19.0,5.0,17.7,91.6,,21.3,19.8
74,Jamaica,Caribbean,9.0,15.6,52.8,97.7,100.0,0.32,2.6,2.9,6.2,8.0,72.5,53.7,18.6,66.0,58.9,5898.0,9812.0,0.0,13.1,14.4,12.8,77.1,,,5.6,31.0,81.0,7.5,8194.0,0.412,5.4,21.8,23.7,76.0,,84.0,27.0,21.7,7846.0,1.7,47.0,,,,,5.6,32.0,11.0,2182.0,,44.9,67.2,57.3,77.4,76.1,,17.5,42.1,40.4,56.0,9.8,10.0,9.5,29.4,113.4,99.0,163.0,0.018,-6.5,0.2,0.0,14.3,30.3,0.3,2.0,0.3,4.7,134.0,135.0,38.7,0.8,,19.9,0.2,6.4,66.3,69.9,62.4,5.1,100.0,145.0,0.7,,,,,93.0,26.0,13.0,0.724,2.2,17.08,,96.0,1.05,19.0,,97.0,40.4,2.9,12.5,29.7,1.0,10.0,55.4,19.7,,37.9,77.8,5.8,33.6,
75,Japan,Eastern Asia,10.0,6.0,4.1,,100.0,0.26,9.5,,7.1,,39.8,345.1,3.5,70.9,58.5,27209.0,51326.0,0.0,15.2,15.2,15.3,31.3,,,0.4,68.5,93.7,18.9,39002.0,0.103,3.6,23.6,4944.9,86.0,99.0,102.0,63.0,23.5,38986.0,,0.3,32.1,1.2,5.4,,1.6,6.3,2.9,24040.0,2.6,91.8,60.2,50.5,70.6,83.9,,,,,98.0,12.8,12.9,12.5,46.3,130.6,39.0,73.0,,0.6,,1.0,45.0,100.0,,76.6,34.5,,,,,,,,5.3,,93.3,94.8,91.9,0.2,,48.0,2.0,532.0,516.0,538.0,99.9,99.0,16.0,14.9,0.785,0.1,0.09,3.3,100.0,1.06,13.7,99.9,,,127.5,2.8,4.6,1.0,,91.5,,,8.8,98.1,,21.5,3.5
76,Jordan,Western Asia,-3.0,14.3,22.4,99.1,99.0,0.35,3.0,1.7,7.8,8.0,61.2,108.3,3.7,69.5,33.3,2459.0,13971.0,0.0,13.1,13.4,12.9,92.6,,18.4,4.2,1.1,97.6,117.8,8337.0,0.46,3.9,20.6,80.9,,,70.0,36.0,20.0,8288.0,0.1,1.5,33.7,1.4,5.2,-1.6,16.9,20.5,10.7,3858.0,7.2,,39.1,14.0,63.7,74.5,97.9,35.9,60.7,3.4,70.0,10.4,10.1,10.6,22.1,103.8,91.0,126.0,0.005,23.9,7.1,0.0,6.3,42.2,-2.3,5.9,0.4,1.3,104.0,123.0,35.5,0.1,0.1,14.4,1.2,0.9,83.5,81.4,85.8,2.1,100.0,150.0,-6.5,380.0,408.0,409.0,99.6,85.0,18.0,,0.959,2.1,11.06,0.4,100.0,1.05,15.4,,96.0,17.2,9.7,14.9,39.8,1.0,11.7,90.7,23.6,,9.5,26.6,12.0,58.5,
77,Kazakhstan,Central Asia,-6.0,-2.3,27.5,99.3,100.0,0.61,14.4,,8.0,7.0,55.7,41.9,18.1,61.2,67.6,16814.0,28815.0,0.0,15.1,15.5,14.8,60.3,,13.7,2.8,1.2,99.2,18.4,24056.0,0.197,3.0,27.8,433.9,54.0,108.0,113.0,50.0,22.7,22626.0,0.2,4.8,26.9,1.0,3.7,-4.8,3.2,10.3,10.1,6509.0,-12.1,73.3,71.0,65.4,77.3,70.0,99.8,3.1,90.4,6.4,126.0,11.8,11.8,11.7,29.3,142.0,117.0,295.0,0.002,1.9,0.0,0.0,10.7,82.6,-5.9,11.8,1.3,0.5,80.0,81.0,35.6,0.0,0.0,2.7,2.0,1.8,98.8,98.5,99.1,1.7,100.0,234.0,-5.8,,,,99.4,97.0,21.0,6.0,0.873,2.4,0.22,0.2,100.0,1.06,22.1,75.1,99.0,44.3,18.2,4.9,4.7,1.0,11.6,57.3,,,25.6,60.3,0.2,42.9,9.5
78,Kenya,Eastern Africa,9.0,0.8,80.5,93.7,67.0,0.11,0.3,,26.2,23.0,61.6,42.6,38.0,47.8,57.9,2529.0,3398.0,0.0,12.1,11.7,12.5,39.4,,,0.9,7.8,17.2,10.5,2993.0,0.549,5.3,19.3,148.8,77.0,105.0,,,18.9,2961.0,5.4,4.9,48.5,2.9,11.5,0.0,22.9,33.1,22.8,1268.0,,,65.4,62.4,68.5,67.3,78.7,14.5,25.1,60.4,90.0,6.5,5.7,7.1,19.0,80.4,179.0,258.0,0.179,-0.2,3.1,0.0,4.7,24.8,-2.4,28.3,1.3,38.9,17890.0,18837.0,46.0,13.4,,36.1,7.1,34.7,34.6,29.2,36.6,7.0,97.0,118.0,0.5,,,,61.8,,31.0,8.0,0.801,7.6,2.62,0.8,39.3,1.03,23.3,,81.0,10.6,49.7,11.5,26.2,1.0,15.6,26.6,39.4,,54.3,77.7,26.8,71.2,
79,Kuwait,Western Asia,-7.0,4.5,9.0,100.0,,0.36,25.2,,4.9,,,92.2,3.5,69.8,67.6,39570.0,93476.0,0.0,13.6,14.3,12.9,94.7,,,0.1,0.4,100.0,,65531.0,0.27,,27.0,271.1,68.0,101.0,98.0,33.0,,70524.0,0.1,1.8,,,,,17.8,,6.3,307.0,,,69.0,47.4,84.1,74.8,95.7,,,,70.0,7.3,8.0,6.9,33.4,133.1,57.0,93.0,,38.7,,0.0,3.1,27.3,,3.2,0.1,,,,,,,,0.3,,51.2,54.8,49.3,3.9,79.0,92.0,26.9,,,,99.9,,9.0,,0.868,1.1,0.02,0.3,100.0,1.05,3.1,39.8,97.0,,4.1,2.1,15.5,1.0,,100.0,,,1.9,73.5,0.1,27.5,
80,Kyrgyz Republic,Central Asia,8.0,-1.0,38.1,98.4,98.0,0.52,1.6,16.2,12.9,12.0,42.0,20.5,26.7,51.1,57.2,2159.0,4369.0,0.0,13.4,13.7,13.2,102.2,,9.6,1.2,3.3,69.3,32.6,3393.0,0.392,6.0,32.2,21.0,31.0,106.0,98.0,46.0,30.3,3255.0,0.2,4.5,26.8,1.0,3.7,-2.2,5.0,12.2,12.1,2930.0,1.5,,61.6,48.2,75.7,71.1,99.2,12.9,52.8,34.3,126.0,10.9,10.9,10.8,25.3,127.8,108.0,247.0,0.008,-4.9,8.0,0.0,7.0,100.0,-5.0,3.8,0.3,2.3,132.0,136.0,36.3,0.0,1.4,25.4,0.8,8.3,98.4,98.6,98.3,1.7,21.0,166.0,-1.3,,,,98.4,6.0,25.0,4.1,0.984,2.8,32.86,0.1,100.0,1.06,19.2,92.1,97.0,18.6,6.0,7.3,15.7,1.0,18.0,36.1,25.4,0.1,36.5,38.9,16.7,50.0,20.4
81,Laos,South-Eastern Asia,-7.0,-1.0,62.6,54.2,75.0,0.05,0.3,12.3,44.2,35.0,49.8,,61.3,29.0,77.8,5354.0,6789.0,0.0,11.2,10.9,11.5,75.8,,5.7,6.3,81.3,,,6397.0,0.461,2.9,29.0,43.9,40.0,110.0,67.0,17.0,29.0,6070.0,0.3,7.0,36.4,1.6,5.9,1.9,34.1,20.3,23.1,3315.0,-4.6,,78.3,76.9,79.7,67.0,58.3,37.8,21.2,41.0,105.0,5.2,4.6,5.7,22.7,58.6,170.0,214.0,0.211,-5.5,2.6,0.0,6.4,5.6,0.7,4.3,0.3,40.5,2598.0,2737.0,52.2,22.0,22.7,23.4,0.8,18.7,39.2,33.6,45.2,20.4,97.0,71.0,-9.6,,,,40.1,,23.0,31.1,0.81,7.1,0.74,,80.3,1.05,27.5,33.2,77.0,12.9,6.9,0.7,1.7,1.0,19.9,34.4,15.3,5.3,82.9,31.9,77.2,52.1,
82,Latvia,Northern Europe,8.0,1.9,13.5,,100.0,0.16,3.5,,,,,76.3,7.5,68.5,55.1,20822.0,29924.0,1.0,15.8,16.5,15.1,122.3,46.3,10.0,3.8,54.0,56.7,0.7,25064.0,0.196,5.3,21.5,48.6,87.0,98.0,112.0,68.0,19.9,25002.0,0.7,3.4,34.2,1.4,5.8,-2.2,3.7,20.7,5.9,1793.0,-0.6,78.9,60.6,55.2,67.3,74.7,99.9,,,,112.0,12.8,13.2,12.5,42.5,134.5,89.0,242.0,,-8.1,,1.0,30.5,100.0,-0.8,1.3,0.4,,,,,,,,0.1,,99.3,99.4,99.1,4.8,,239.0,6.5,482.0,488.0,490.0,99.9,100.0,11.0,13.9,0.988,0.2,4.18,0.6,100.0,1.06,16.0,91.2,96.0,,1.9,9.1,17.0,1.0,,68.1,32.0,7.0,8.9,92.5,,23.8,11.2
83,Lebanon,Western Asia,6.0,-10.7,11.8,,100.0,0.31,4.3,,,6.0,54.5,209.6,3.2,76.5,44.2,5523.0,21182.0,0.0,12.5,12.4,12.7,70.0,,18.0,5.3,13.4,97.6,,13368.0,0.381,2.5,21.8,81.3,86.0,89.0,60.0,38.0,21.8,13378.0,0.1,4.0,31.8,1.2,5.1,,6.2,,6.7,1688.0,1.9,,47.2,23.2,71.1,79.8,91.2,,,,70.0,8.7,8.5,8.9,28.5,81.4,49.0,69.0,,49.1,2.3,0.0,12.4,0.0,,4.2,0.5,,,,,,,,0.5,,54.3,53.0,55.4,15.9,,120.0,-18.3,396.0,347.0,386.0,,,12.0,2.4,0.918,5.3,15.34,,100.0,1.05,3.1,42.4,88.0,20.9,6.1,6.3,16.5,1.0,,88.4,,,25.6,32.9,0.4,33.8,
84,Lesotho,Southern Africa,8.0,6.5,89.5,95.2,43.0,0.43,1.2,,33.4,17.0,60.2,15.5,10.4,49.1,48.4,2608.0,3940.0,0.0,10.6,11.0,10.2,125.4,,4.5,1.6,1.6,,,2851.0,0.544,,28.3,6.4,33.0,104.0,52.0,9.0,24.0,3255.0,25.0,41.2,54.2,4.3,20.8,1.1,21.9,41.1,28.5,1196.0,-12.5,,66.5,59.3,74.4,54.6,76.6,21.5,20.7,57.8,84.0,6.3,7.0,5.5,21.3,103.6,463.0,555.0,0.146,-2.4,4.4,0.0,7.5,94.0,-1.3,1.3,0.1,33.6,722.0,741.0,43.5,8.6,59.6,57.1,0.3,24.5,29.0,31.8,24.2,30.7,83.0,92.0,-1.6,,,,77.9,10.0,34.0,,0.966,0.0,15.19,0.1,15.7,1.03,22.7,31.2,67.0,4.2,2.2,27.3,38.5,1.0,18.4,27.7,,,59.0,46.5,55.3,58.9,
85,Liberia,Western Africa,7.0,-39.3,127.5,95.9,25.0,0.26,0.2,14.0,32.1,36.0,31.0,36.6,43.0,45.1,54.3,577.0,755.0,0.0,10.0,9.3,10.6,121.7,20.1,,21.6,43.4,,,753.0,0.656,2.8,20.1,3.6,156.0,94.0,37.0,12.0,20.1,667.0,1.6,3.2,33.2,1.3,5.4,,42.9,22.7,27.5,,,,55.7,53.9,57.4,63.0,42.9,27.4,21.0,51.6,98.0,4.7,3.5,6.1,18.6,67.6,216.0,255.0,0.331,-0.9,44.8,0.0,5.5,,-2.2,2.6,0.1,64.9,2782.0,2994.0,50.9,33.2,38.6,54.1,0.7,20.4,29.0,18.5,39.6,32.2,47.0,39.0,-35.4,,,,61.1,,30.0,13.8,0.89,6.0,26.89,,1.3,1.05,9.9,19.8,92.0,2.9,4.7,2.4,3.3,1.0,31.1,50.7,38.5,2.6,77.7,28.2,68.7,75.8,
86,Lithuania,Northern Europe,10.0,17.5,10.7,,100.0,0.17,4.4,,,,,13.4,7.8,67.2,56.3,24366.0,32934.0,1.0,16.1,16.6,15.7,160.6,38.8,11.4,2.3,34.8,68.0,2.6,29524.0,0.123,4.5,17.5,83.5,90.0,101.0,103.0,66.0,18.8,28314.0,0.2,5.2,37.4,1.6,7.2,0.8,4.5,23.9,5.4,2296.0,-4.2,74.7,60.6,55.9,66.2,74.8,99.8,,,,126.0,13.0,13.0,13.0,42.7,144.6,85.0,250.0,,-9.7,,1.0,28.7,100.0,0.3,1.9,0.5,,,,,,,,0.2,,93.8,91.8,96.4,1.8,,268.0,2.2,478.0,472.0,475.0,100.0,100.0,13.0,12.1,0.988,0.1,2.76,1.0,100.0,1.05,21.3,95.7,97.0,,2.9,7.1,13.5,1.0,,67.5,24.0,5.0,10.2,81.0,,22.4,9.4
87,Luxembourg,Western Europe,10.0,18.8,5.2,,100.0,0.19,17.4,,,,,193.5,1.0,87.1,54.6,51154.0,78737.0,1.0,14.0,14.1,13.9,424.0,14.9,5.3,45.8,33.5,80.9,1.2,94278.0,0.066,4.0,17.3,56.5,93.0,99.0,102.0,20.0,17.0,65016.0,,0.7,31.2,1.2,5.0,0.3,9.4,17.7,3.4,1054.0,-99.9,97.3,57.9,52.3,63.5,82.0,,,,,112.0,12.1,11.7,12.4,39.3,132.7,38.0,79.0,,18.1,,1.0,20.7,100.0,2.1,0.4,0.1,,,,,,,,0.0,,100.0,100.0,100.0,17.1,,112.0,-23.8,486.0,481.0,483.0,,,8.0,24.4,0.987,0.0,2.78,1.3,100.0,1.05,28.3,65.4,99.0,,0.6,5.7,17.0,1.0,,90.7,22.0,8.0,6.1,98.2,,23.7,5.4
88,Macedonia,Southern Europe,9.0,13.0,16.2,98.6,100.0,0.29,3.6,7.6,4.9,7.0,40.2,59.8,16.4,53.8,42.4,9114.0,15897.0,0.0,13.3,13.5,13.2,124.0,27.3,15.7,3.8,39.6,79.3,8.6,13111.0,0.149,,31.6,27.3,36.0,94.0,82.0,41.0,23.3,12505.0,0.1,1.6,35.6,1.4,7.3,,10.5,20.3,6.5,510.0,-4.1,70.6,55.0,42.5,67.6,75.9,,17.0,62.5,20.5,270.0,9.6,8.9,9.9,37.4,98.5,67.0,125.0,0.01,-0.9,1.6,0.0,18.9,71.4,-3.5,1.5,0.3,2.5,52.0,53.0,37.7,0.2,5.0,21.5,0.1,2.9,47.8,40.5,56.0,2.6,,147.0,-2.0,371.0,352.0,384.0,99.9,,14.0,,0.971,1.7,2.77,0.4,100.0,1.05,37.5,80.5,96.0,15.9,2.1,23.0,46.9,1.0,17.2,57.7,,,22.8,72.9,4.9,23.8,24.3
89,Madagascar,Eastern Africa,6.0,6.5,109.6,82.1,83.0,0.1,0.1,,49.2,41.0,39.8,19.0,74.4,16.4,84.9,1173.0,1544.0,0.0,10.6,10.5,10.6,74.5,24.5,16.2,5.4,21.4,,4.0,1416.0,,2.1,15.2,36.2,29.0,144.0,38.0,5.0,15.2,1358.0,0.2,7.7,42.6,2.1,8.7,2.0,35.0,20.4,21.3,293.0,-1.9,,86.5,83.6,89.4,66.3,71.6,31.7,17.6,50.7,98.0,6.1,6.7,6.1,18.7,32.1,189.0,239.0,0.453,-0.1,6.5,0.0,5.2,4.6,-1.6,14.3,0.7,77.8,16001.0,19366.0,58.2,57.3,77.6,70.7,3.8,11.8,,,,64.9,15.0,83.0,-4.5,,,,44.3,,41.0,9.0,0.795,0.3,2.28,0.0,17.3,1.03,19.6,38.4,68.0,3.7,25.6,1.8,3.0,1.0,19.0,36.5,,,85.4,16.3,86.4,73.0,3.8
90,Malawi,Eastern Africa,6.0,-19.1,140.2,94.8,67.0,0.07,0.1,19.4,37.4,42.0,59.2,19.6,84.7,6.9,72.3,897.0,1235.0,0.0,10.8,10.9,10.8,65.3,,,4.4,33.4,,,1095.0,0.619,4.7,13.4,20.4,81.0,139.0,37.0,,13.4,1064.0,9.2,1.7,45.5,2.5,9.4,3.3,28.4,32.4,30.3,849.0,-20.3,,77.0,72.3,81.9,63.7,62.1,23.1,20.8,56.2,56.0,4.5,4.0,5.1,17.4,39.7,228.0,341.0,0.244,-0.4,23.5,0.0,5.6,2.3,-0.8,9.9,0.6,52.7,9539.0,9539.0,46.2,18.5,71.4,50.7,3.0,28.4,21.1,16.7,25.4,45.9,91.0,73.0,-4.6,,,,89.8,,70.0,23.4,0.806,0.4,0.65,,4.0,1.03,16.7,11.7,31.0,5.0,18.6,6.0,8.0,1.0,18.7,16.7,37.5,,59.9,29.8,82.6,82.9,
91,Malaysia,South-Eastern Asia,7.0,11.7,13.4,97.2,,0.33,8.0,,20.7,,52.2,145.3,11.0,61.6,62.3,20004.0,31826.0,0.0,13.7,14.1,13.3,135.9,20.8,23.2,3.0,67.6,96.6,,26808.0,0.287,4.8,25.5,847.8,94.0,103.0,85.0,44.0,25.3,26107.0,0.4,2.1,46.3,2.6,11.2,0.2,15.6,,5.9,26757.0,4.5,76.7,64.5,50.8,77.4,75.5,93.1,,,,60.0,10.2,10.0,10.3,27.7,140.8,84.0,157.0,,5.3,0.0,0.0,9.1,19.8,,21.9,2.0,,,,,,,,2.6,,80.0,78.9,81.3,8.0,100.0,171.0,-0.4,,,,99.4,91.0,12.0,5.9,0.687,0.5,0.52,1.3,100.0,1.06,13.1,67.3,93.0,4.9,31.6,3.4,10.9,1.0,,75.4,,,22.2,82.5,1.1,35.0,11.7
92,Mali,Western Africa,5.0,-5.0,169.1,47.9,87.0,0.04,0.1,37.1,30.4,52.0,15.6,27.3,57.6,33.9,65.9,1345.0,2560.0,0.0,7.7,6.8,8.6,63.1,3.9,,0.9,3.9,,4.3,2014.0,0.678,3.8,19.9,37.3,4.0,77.0,43.0,5.0,19.3,1953.0,1.0,10.9,33.0,1.3,5.2,-2.7,46.2,15.4,36.8,173.0,-9.1,,71.5,60.8,82.5,58.5,33.1,41.6,22.1,36.3,98.0,2.3,1.7,3.0,16.0,112.4,253.0,272.0,0.457,-3.7,8.9,0.0,5.1,2.7,-1.6,9.2,0.5,78.1,13644.0,14056.0,58.5,56.7,49.7,43.6,3.4,10.9,13.1,7.3,16.4,38.4,52.0,33.0,-1.1,,,,43.7,,39.0,4.1,0.982,150.3,6.8,0.6,1.8,1.05,8.8,5.2,66.0,4.2,18.5,7.9,18.0,1.0,17.2,41.6,34.6,,87.9,25.7,75.9,95.8,24.9
93,Mauritania,Western Africa,-2.0,-12.7,79.2,86.9,66.0,0.18,0.7,17.4,27.9,37.0,17.8,29.6,75.9,16.9,44.4,1936.0,5221.0,0.0,8.6,8.5,8.6,109.3,,16.8,11.7,0.2,,,3598.0,0.617,2.6,56.8,15.9,10.0,94.0,32.0,5.0,58.5,3592.0,0.5,9.9,32.6,1.3,5.4,-2.4,40.8,24.6,32.6,,-19.8,,49.4,31.0,67.7,63.4,45.5,33.1,20.3,46.6,98.0,4.5,3.5,5.5,19.7,84.0,179.0,225.0,0.261,2.1,6.3,0.0,5.5,9.3,-0.9,2.5,0.1,50.6,2116.0,2176.0,51.6,26.4,6.0,31.0,0.7,18.6,18.4,12.2,24.5,62.9,85.0,44.0,-10.4,,,,69.3,,36.0,2.6,0.978,36.5,1.54,,2.3,1.05,25.2,6.0,71.0,13.2,4.4,10.2,18.6,1.0,33.6,52.8,,,45.0,15.5,15.9,70.1,39.5
94,Mauritius,Eastern Africa,10.0,-9.2,26.6,,,0.18,3.4,,,,63.8,124.9,7.3,66.7,54.5,12558.0,27986.0,0.0,15.1,15.5,14.6,97.1,29.7,,2.9,19.0,84.5,,20293.0,0.373,5.1,16.9,25.7,105.0,102.0,93.0,39.0,17.3,20189.0,,1.8,35.8,1.5,5.9,,13.2,18.2,8.9,1275.0,-12.8,49.5,58.7,45.1,72.7,74.9,92.7,,,,98.0,9.3,9.1,9.5,35.6,143.7,93.0,190.0,,-1.9,0.3,0.0,15.5,100.0,,0.9,0.1,,,,,,,,0.1,,65.8,64.3,67.3,3.5,100.0,155.0,-19.9,,,,99.8,85.0,18.0,57.9,0.401,0.1,0.01,0.2,100.0,1.04,11.6,61.9,97.0,18.2,1.3,7.2,23.3,1.0,12.5,40.8,,,16.2,87.1,1.9,26.0,
95,Mexico,Central America,8.0,12.5,60.3,98.5,95.0,0.23,3.9,4.9,12.4,26.0,66.9,55.2,13.1,61.1,59.2,11065.0,22873.0,0.0,14.1,14.4,13.8,77.6,36.4,16.6,2.8,34.0,90.4,18.6,17336.0,0.343,5.3,23.1,2239.2,71.0,104.0,97.0,37.0,22.3,16944.0,0.3,19.3,43.4,2.3,8.8,-2.6,17.1,32.8,12.3,35079.0,-0.4,58.1,61.3,44.1,79.0,77.3,94.5,14.1,67.1,18.8,84.0,8.6,8.4,8.8,27.5,87.6,79.0,140.0,0.025,-0.5,0.1,1.0,10.3,25.2,0.2,85.9,8.9,6.3,8061.0,8061.0,39.2,1.0,2.5,43.6,11.5,4.7,59.3,57.8,61.0,7.8,97.0,212.0,-2.9,408.0,423.0,416.0,97.7,12.0,27.0,16.7,0.678,11.7,2.66,0.6,100.0,1.05,41.4,40.0,90.0,19.4,129.2,3.5,6.9,1.0,13.0,79.9,14.1,,27.2,33.3,11.3,40.1,18.7
96,Moldova,Eastern Europe,9.0,13.8,22.0,98.8,100.0,0.29,1.4,,6.4,12.0,59.5,24.3,33.3,49.6,40.6,4849.0,6318.0,0.0,11.6,11.9,11.4,113.2,45.4,12.1,2.6,12.4,88.7,8.7,5190.0,0.226,6.7,23.3,18.4,84.0,92.0,86.0,41.0,21.9,5554.0,0.6,3.2,26.3,0.9,3.7,-3.8,7.3,14.0,9.6,121.0,-16.1,66.9,42.5,39.5,45.8,71.7,99.1,42.4,9.2,48.4,126.0,11.6,11.5,11.7,35.6,93.3,98.0,241.0,0.004,-0.5,4.5,0.0,14.8,75.2,-3.3,3.0,0.4,0.9,38.0,38.0,37.4,0.1,0.2,9.6,0.2,3.6,96.4,95.5,97.4,5.2,99.0,215.0,-2.5,420.0,416.0,428.0,99.7,,17.0,51.4,0.968,2.3,20.17,0.4,100.0,1.06,22.8,60.7,93.0,13.0,4.1,4.5,12.8,1.0,9.5,42.6,45.5,,28.7,44.6,0.9,21.4,27.8
97,Mongolia,Eastern Asia,10.0,5.4,23.6,98.7,99.0,0.63,7.1,16.6,10.8,5.0,54.6,65.3,30.4,50.6,55.2,8482.0,11759.0,0.0,15.5,15.9,15.0,116.6,36.7,12.4,13.0,8.1,94.1,1.6,11841.0,0.301,5.2,36.2,36.4,176.0,104.0,100.0,65.0,23.8,10103.0,0.1,5.7,32.3,1.3,5.1,-0.5,11.9,15.7,13.4,404.0,-5.2,,59.3,52.7,66.2,69.5,98.3,20.8,24.2,55.1,120.0,10.1,10.6,9.8,27.1,111.2,127.0,294.0,0.043,-1.1,3.1,0.0,6.1,100.0,-1.4,2.0,0.1,10.2,294.0,310.0,41.6,1.6,0.5,21.6,0.4,19.1,88.8,91.2,86.3,2.1,100.0,266.0,-16.9,,,,98.9,91.0,30.0,9.3,0.946,2.2,2.38,0.2,44.2,1.03,17.1,80.0,96.0,28.5,3.1,7.0,18.9,1.0,16.0,68.4,,,46.9,95.0,2.1,44.7,20.4
98,Montenegro,Southern Europe,9.0,,11.8,91.7,99.0,0.24,3.6,9.4,9.4,5.0,23.3,60.4,7.6,74.3,40.7,12967.0,20692.0,0.0,14.9,15.2,14.7,106.2,,,11.5,61.5,64.7,,16409.0,0.132,,29.3,10.2,56.0,96.0,91.0,57.0,25.2,16779.0,0.1,4.5,31.9,1.2,4.8,0.3,7.4,14.6,4.4,1662.0,,65.9,48.4,42.2,55.0,77.3,98.4,46.0,24.4,29.7,45.0,11.3,10.7,12.0,37.7,165.6,65.0,123.0,0.002,-1.0,1.9,0.0,22.0,52.3,-1.4,0.4,0.1,0.4,2.0,2.0,45.7,0.1,0.0,8.6,0.0,4.3,89.4,87.0,96.4,6.8,,174.0,-11.9,418.0,427.0,411.0,99.0,,,,0.816,0.7,9.09,0.4,100.0,1.06,23.5,90.1,95.0,24.0,0.6,16.0,33.1,1.0,21.8,66.5,,,11.7,67.6,0.4,27.0,0.0
99,Morocco,Northern Africa,-4.0,21.0,31.1,77.1,94.0,0.24,1.7,,14.9,16.0,67.4,109.4,37.5,43.0,44.4,3197.0,11561.0,0.0,12.4,12.0,12.8,83.5,,17.5,2.4,12.6,88.5,35.7,7485.0,0.482,,33.2,271.6,50.0,110.0,70.0,32.0,30.5,7340.0,0.1,1.2,40.7,2.0,7.4,0.0,,,14.0,10332.0,-3.0,53.5,49.0,25.0,74.1,76.1,69.4,42.1,25.6,32.3,98.0,5.5,4.5,6.5,27.9,117.7,65.0,75.0,0.085,-1.8,2.0,0.0,10.3,39.8,,23.5,2.4,18.6,6101.0,6550.0,45.7,6.5,3.1,8.9,3.5,13.2,31.3,28.0,34.8,7.4,100.0,222.0,-1.4,,,,,3.0,27.0,,0.886,3.1,6.27,0.7,100.0,1.06,18.4,20.3,84.0,10.9,35.7,9.3,18.0,1.0,10.9,61.9,,,50.7,16.8,8.2,41.6,
100,Mozambique,Eastern Africa,5.0,-15.8,135.2,90.6,48.0,0.29,0.3,,42.9,48.0,27.1,32.6,73.3,22.4,59.0,1052.0,1135.0,0.0,9.7,9.2,10.2,108.9,22.2,5.9,18.8,48.2,12.6,0.7,1136.0,0.552,6.5,35.6,33.7,,106.0,33.0,7.0,21.7,1093.0,12.3,3.4,54.0,3.9,14.2,3.9,33.8,28.4,35.6,1639.0,-0.9,,78.8,82.5,74.6,58.9,50.6,32.4,17.4,50.2,60.0,3.5,2.5,4.6,17.2,52.1,285.0,356.0,0.412,-0.2,14.2,0.0,6.1,17.3,-4.0,15.4,0.9,72.5,18091.0,20913.0,56.8,49.2,62.9,46.1,5.0,13.5,19.3,16.1,27.3,66.8,93.0,61.0,-18.7,,,,,,55.0,11.3,0.83,0.1,1.39,0.3,5.0,1.03,39.6,8.0,75.0,12.6,29.7,25.0,42.7,1.0,23.1,35.5,21.7,,84.6,32.9,76.8,86.0,10.1
101,Myanmar,Eastern Asia,8.0,23.9,28.7,80.7,81.0,0.09,0.4,,29.4,16.0,52.2,41.1,49.9,33.5,64.6,3860.0,7355.0,0.0,10.0,10.3,9.8,39.1,28.3,47.3,6.8,44.5,39.3,,5592.0,0.456,2.2,32.9,298.4,24.0,112.0,61.0,16.0,34.7,5567.0,0.8,2.3,38.1,1.7,6.3,,26.9,5.8,24.0,2907.0,-1.1,,65.1,51.3,79.9,66.7,75.6,32.2,18.6,49.2,98.0,4.9,4.9,4.8,27.7,95.7,163.0,225.0,0.176,-1.9,2.5,0.0,8.5,,,36.0,3.1,38.3,20280.0,20280.0,45.9,13.9,6.4,32.1,4.5,21.9,25.8,28.7,22.3,25.2,98.0,113.0,-6.7,,,,60.2,,22.0,,0.807,1106.6,3.7,,39.8,1.03,10.2,17.7,69.0,0.8,53.4,0.8,1.7,1.0,16.2,30.3,17.3,,58.2,26.0,41.9,39.8,18.6
102,Namibia,Southern Africa,6.0,2.7,73.8,96.6,87.0,0.16,1.6,,22.7,7.0,56.1,78.9,20.2,60.2,47.3,8895.0,9907.0,0.0,12.3,12.4,12.2,84.2,,,3.2,8.4,66.7,,9542.0,0.472,,17.6,24.2,22.0,111.0,,,16.0,9387.0,13.8,17.1,61.0,5.8,20.1,-1.1,25.0,53.6,20.2,1469.0,-33.7,,61.7,58.5,65.2,64.8,88.3,14.0,31.5,54.5,84.0,6.8,7.2,6.6,21.0,107.3,256.0,349.0,0.183,-0.1,1.5,0.0,5.9,98.4,-3.1,1.5,0.1,40.6,940.0,1007.0,45.1,12.9,22.6,28.7,0.3,19.3,40.4,39.9,41.0,9.4,96.0,144.0,-1.8,,,,88.2,,,,0.966,1.4,0.31,0.3,28.7,1.03,36.3,31.4,78.0,,2.5,23.3,45.5,1.0,17.5,49.0,25.0,,25.3,80.7,26.4,61.4,33.4
103,Nepal,Southern Asia,7.0,32.5,60.5,83.6,56.0,0.13,0.3,21.7,36.0,40.0,52.6,87.1,71.7,20.2,81.9,2219.0,2738.0,0.0,12.2,12.6,11.8,51.8,,,0.8,25.4,15.8,4.5,2443.0,0.48,3.7,42.5,71.6,86.0,134.0,71.0,12.0,33.8,2471.0,0.2,2.2,32.8,1.3,5.0,-3.3,40.9,16.3,16.6,753.0,-7.7,,84.2,82.7,85.9,70.6,59.6,26.5,32.3,41.3,52.0,4.9,3.6,6.4,23.2,110.8,130.0,171.0,0.154,-2.7,5.0,0.0,9.2,62.5,-2.8,18.5,1.7,35.3,10217.0,10217.0,43.6,12.0,15.0,25.2,2.7,24.3,34.6,27.3,43.1,26.5,97.0,59.0,,,,,58.0,5.0,21.0,6.3,0.825,8.4,28.31,0.3,85.2,1.07,29.6,24.7,95.0,8.9,29.3,2.7,4.3,1.0,23.7,19.3,25.0,,78.9,41.6,32.6,48.8,
104,Netherlands,Western Europe,10.0,16.5,4.0,,100.0,0.22,9.9,,,,73.0,191.9,2.2,81.3,60.4,38767.0,57123.0,1.0,18.0,18.3,17.8,161.2,24.5,6.3,38.1,11.2,91.4,11.8,48473.0,0.044,5.5,20.2,830.5,95.0,103.0,133.0,80.0,20.3,47900.0,0.2,0.6,29.3,1.1,4.4,0.0,5.3,15.0,3.0,15828.0,8.9,89.2,63.5,58.0,69.2,82.0,,,,,112.0,12.2,11.9,12.5,42.1,123.0,50.0,67.0,,0.7,,1.0,29.0,100.0,-0.3,11.0,3.2,,,,,,,,0.9,,88.3,86.4,90.4,,,69.0,5.7,512.0,503.0,509.0,,,12.0,13.9,0.943,0.0,0.18,2.0,100.0,1.05,35.6,77.4,,,17.0,4.9,8.8,1.0,,91.1,25.0,12.0,12.7,99.8,,25.3,4.6
105,New Zealand,Australia and New Zealand,10.0,12.0,20.0,,100.0,0.22,7.7,,,,,,6.6,73.1,65.8,25872.0,42339.0,0.0,18.9,19.7,18.0,51.3,,12.5,1.6,38.6,59.4,1.6,36086.0,0.136,6.3,24.4,173.0,92.0,99.0,114.0,82.0,24.0,33970.0,,1.0,,,,,1.7,16.4,4.3,3370.0,17.9,,69.2,63.9,74.9,82.0,,,,,112.0,12.5,12.7,12.5,37.3,124.4,,,,4.0,,1.0,23.6,100.0,,3.1,0.7,,,,,,,,0.3,,98.9,99.0,98.8,,,194.0,0.0,495.0,509.0,513.0,96.3,,14.0,14.3,0.634,0.0,0.23,1.2,100.0,1.06,38.3,82.8,,,4.7,4.9,12.8,1.0,,86.5,,,12.2,99.3,,30.4,11.8
106,Nicaragua,Central America,6.0,15.1,85.4,94.7,85.0,0.17,0.8,,17.3,35.0,80.4,51.4,29.4,53.0,63.7,3434.0,6930.0,0.0,12.1,12.3,11.8,96.7,,,6.5,25.9,40.9,0.9,5321.0,0.456,,29.0,33.1,,,,,28.1,5157.0,0.2,7.4,46.2,2.6,10.2,-0.9,25.7,29.2,12.9,1504.0,,,66.6,50.3,84.0,75.7,,36.4,11.2,52.4,84.0,6.7,6.9,6.4,25.2,125.9,103.0,190.0,0.074,-4.6,3.3,0.0,8.3,23.7,-1.0,4.1,0.3,16.3,958.0,1003.0,45.2,5.5,3.2,24.9,0.6,13.2,47.5,48.3,46.6,51.6,75.0,171.0,-5.9,,,,88.0,6.0,,,0.854,1.5,10.1,0.1,56.6,1.05,45.7,27.7,64.0,16.0,6.2,4.4,8.5,1.0,5.8,58.3,22.5,,39.4,24.8,8.8,44.3,1.4
107,Niger,Western Africa,5.0,2.6,192.0,82.8,64.0,0.12,0.1,34.4,42.2,76.0,18.9,19.1,75.6,16.8,78.6,691.0,1119.0,0.0,5.4,4.7,6.0,49.6,,,4.0,0.9,24.1,,926.0,0.649,6.0,33.7,19.9,8.0,74.0,24.0,2.0,33.7,906.0,0.4,4.4,34.3,1.4,5.4,-3.5,35.0,16.4,34.9,152.0,-8.5,0.7,78.9,67.5,90.7,60.4,15.5,37.2,20.4,42.4,98.0,2.0,1.5,2.6,14.9,42.2,231.0,259.0,0.591,-0.3,12.8,0.0,5.4,5.8,-2.0,10.1,0.5,90.6,16062.0,18727.0,65.3,74.9,44.5,44.5,4.4,5.0,6.6,4.3,8.9,35.6,56.0,39.0,-5.0,,,,39.7,,36.0,7.1,0.939,1.4,2.44,,4.7,1.05,17.0,1.9,57.0,6.3,21.5,0.3,0.5,1.0,21.0,16.4,,,88.5,10.9,73.9,106.2,
108,Nigeria,Western Africa,7.0,3.3,107.3,65.8,47.0,0.1,0.5,31.5,43.6,44.0,13.4,23.3,36.6,51.8,51.3,4433.0,6008.0,0.0,10.0,9.2,10.8,20.7,,,0.9,7.7,19.0,4.4,5338.0,,,15.3,1019.0,,94.0,56.0,,14.7,5231.0,2.9,9.8,43.0,2.2,9.1,1.1,38.1,28.2,37.4,1889.0,,,55.2,50.4,59.8,53.9,51.1,32.2,27.1,40.7,84.0,6.2,5.0,7.3,17.9,83.0,333.0,371.0,0.294,-0.4,0.6,0.0,5.2,7.8,-2.4,101.7,5.3,52.0,99166.0,96623.0,56.7,32.7,53.5,46.0,32.4,16.9,,,,35.6,66.0,31.0,-2.9,,,,43.0,,,,0.874,216.0,5.85,0.2,41.1,1.06,5.8,,,6.3,190.9,7.0,13.4,1.0,27.6,49.5,16.2,1.5,80.4,27.3,71.7,82.6,20.4
109,North Korea,Eastern Asia,-10.0,,0.3,100.0,100.0,,1.6,,27.9,,78.2,,67.1,15.4,76.6,,,0.0,12.0,,,,,22.2,,41.8,81.4,,,,,,,50.0,,93.0,28.0,,,,4.4,,,,,,,11.6,,-0.3,,80.5,74.4,86.9,71.9,100.0,,,,,,,,34.0,14.2,99.0,166.0,,-0.2,,0.0,13.6,,,17.8,2.4,,,,,,,,1.7,,,,,,,,,,,,,,21.0,,0.913,1.2,,,39.2,1.05,16.3,,,,25.5,4.8,11.7,1.0,7.0,61.7,,,66.0,,77.0,29.5,
110,Norway,Northern Europe,10.0,15.8,5.6,,100.0,0.15,9.3,,,,,150.3,2.1,78.5,61.5,60153.0,75731.0,0.0,17.9,18.6,17.2,68.5,35.4,10.4,-1.2,33.2,58.5,0.8,64800.0,0.048,7.7,28.8,342.3,96.0,100.0,114.0,81.0,24.1,68012.0,,0.5,27.5,1.0,4.1,-0.7,6.1,14.9,2.7,5960.0,-2.9,97.4,64.2,60.8,67.6,82.3,,,,,,12.6,12.6,12.5,39.2,109.0,44.0,69.0,,8.8,,1.0,25.7,100.0,3.0,3.5,0.9,,,,,,,,0.3,,95.7,96.3,95.1,0.4,,71.0,6.5,502.0,513.0,498.0,99.1,100.0,9.0,11.6,0.943,0.0,0.15,1.9,100.0,1.06,41.4,82.4,100.0,,5.3,4.2,10.0,1.0,,81.9,27.0,,5.2,100.0,,27.2,5.4
111,Oman,Western Asia,-8.0,-6.0,7.1,98.6,,0.38,15.4,,14.1,,29.7,69.5,6.5,55.3,59.0,11246.0,49282.0,0.0,13.9,14.7,13.4,76.8,,39.8,2.5,0.0,100.0,,37961.0,0.264,6.2,36.4,176.0,57.0,109.0,107.0,45.0,34.3,36290.0,,0.7,,,,,,,7.1,2292.0,-8.8,67.4,70.2,30.2,87.3,77.3,93.0,,,,50.0,9.5,10.4,9.2,29.0,155.2,68.0,107.0,,45.2,0.0,0.0,3.1,24.7,,3.5,0.1,,,,,,,,0.4,,66.4,73.4,63.7,0.9,,36.0,-9.7,,,,99.1,90.0,,0.5,0.885,0.0,0.06,0.2,100.0,1.05,8.8,,98.0,,4.6,16.0,48.2,1.0,17.8,83.6,,,9.1,63.5,0.5,28.8,
112,Pakistan,Southern Asia,7.0,14.7,36.9,73.1,34.0,0.2,0.9,,45.0,21.0,35.4,53.9,42.0,34.3,52.2,1642.0,8786.0,0.0,8.6,7.8,9.3,25.8,4.0,,0.9,1.9,59.7,74.3,5035.0,0.541,2.8,16.1,991.9,72.0,98.0,46.0,10.0,14.5,5311.0,0.1,4.4,30.7,1.2,4.4,-0.6,46.2,11.6,31.0,966.0,,9.5,54.4,24.9,82.7,66.6,57.0,38.5,28.7,32.8,84.0,5.2,3.8,6.5,22.5,70.6,140.0,178.0,0.228,-1.3,1.0,0.0,7.4,2.3,-0.2,119.6,8.9,43.9,79731.0,84773.0,52.0,24.7,6.1,29.5,25.1,14.5,37.3,27.0,47.3,22.7,75.0,43.0,-1.3,,,,52.1,,48.0,1.5,0.862,128.9,6.46,0.2,98.8,1.09,20.0,28.3,94.0,15.4,197.0,4.0,7.7,1.0,20.1,36.4,,,59.7,7.0,31.2,57.3,30.4
113,Panama,Central America,9.0,29.2,81.8,93.4,96.0,0.11,2.3,2.6,19.1,26.0,62.8,83.3,15.1,66.7,63.2,13229.0,25102.0,0.0,12.7,13.3,12.1,87.3,43.4,12.7,9.8,62.1,80.7,0.7,22267.0,0.461,,43.8,91.3,50.0,96.0,76.0,47.0,40.6,19178.0,0.8,9.7,50.4,3.4,16.6,-2.0,12.5,36.5,11.5,2007.0,,52.5,66.9,52.8,81.2,78.2,94.1,,,,98.0,10.2,10.4,9.9,28.4,127.5,79.0,148.0,,1.5,0.0,0.0,12.2,37.3,-3.6,2.7,0.3,,,,,,,,0.4,,71.2,72.7,68.4,14.0,99.0,392.0,-10.1,,,,94.6,22.0,22.0,,0.735,0.0,0.86,0.1,81.3,1.05,18.3,52.5,77.0,21.8,4.1,5.6,14.2,1.0,16.4,67.4,,,32.2,42.3,4.3,42.3,26.3
114,Papua New Guinea,Melanesia,5.0,,52.7,,,0.22,0.8,,49.5,21.0,32.4,44.3,20.6,71.8,68.1,3002.0,3789.0,0.0,10.0,,,,,,-0.2,74.1,,,3823.0,0.741,,,31.5,,112.0,40.0,,,3403.0,0.9,,41.9,2.0,9.3,,11.5,,25.3,184.0,,,69.9,69.0,70.8,65.7,,,,,0.0,4.6,3.8,5.3,21.7,46.8,191.0,256.0,,0.0,2.8,0.0,6.3,0.9,,5.0,0.3,,,,,,,,1.0,,12.2,9.5,15.0,,100.0,61.0,0.5,,,,40.0,,45.0,,0.839,0.4,0.01,,15.5,1.08,0.1,27.2,,49.1,8.3,2.7,5.0,1.0,27.4,13.1,,,74.7,,46.8,59.6,
115,Paraguay,South America,9.0,7.7,55.7,98.7,93.0,0.1,0.9,17.9,5.6,22.0,68.4,44.0,21.2,59.3,66.3,6212.0,10486.0,0.0,12.7,13.2,12.2,84.6,,,1.5,38.6,33.7,0.6,8827.0,0.467,5.0,19.5,60.1,38.0,106.0,77.0,,19.1,8380.0,0.5,9.3,47.9,2.9,11.8,-1.7,16.7,39.5,18.0,1308.0,,48.8,70.4,56.6,83.9,73.2,95.1,38.3,15.2,46.6,98.0,8.4,8.4,8.3,24.9,111.4,125.0,165.0,0.019,-2.7,0.3,0.0,9.9,22.2,0.5,4.4,0.4,4.6,308.0,308.0,42.0,1.0,1.7,28.9,0.7,7.3,48.0,47.0,49.2,15.9,92.0,158.0,-2.9,,,,95.5,9.0,24.0,9.6,0.949,0.1,2.37,0.1,96.1,1.05,16.0,43.8,84.0,11.0,6.8,5.8,12.8,1.0,12.1,61.3,,,39.1,46.0,4.4,45.8,37.7
116,Peru,South America,9.0,7.9,47.5,97.0,98.0,0.17,2.0,14.5,13.1,22.0,76.2,,28.4,55.7,73.8,8446.0,15140.0,0.0,13.8,13.9,13.6,46.9,,,3.2,57.8,79.6,0.7,12237.0,0.368,3.8,20.9,393.6,89.0,103.0,98.0,,20.6,11789.0,0.3,7.7,43.8,2.3,10.6,-3.0,15.3,28.3,13.2,3744.0,,42.6,76.7,69.0,84.5,75.2,94.2,24.1,19.6,56.4,98.0,9.2,8.7,9.7,27.5,116.2,93.0,152.0,0.052,-1.6,0.2,0.0,10.9,19.3,-5.3,21.1,2.3,12.4,3753.0,3954.0,41.5,2.7,3.5,20.7,3.0,12.5,62.2,57.1,67.5,9.5,,242.0,-6.3,387.0,398.0,397.0,92.4,,18.0,5.3,0.723,2.6,1.44,0.1,75.6,1.05,27.7,83.6,96.0,15.1,32.2,3.7,9.0,1.0,6.0,77.7,33.2,,50.3,34.4,8.8,41.8,16.9
117,Philippines,South-Eastern Asia,8.0,28.4,60.5,95.4,90.0,0.16,1.1,,33.4,15.0,55.1,66.3,26.0,56.3,60.6,7582.0,10705.0,0.0,12.6,12.9,12.3,70.7,32.7,17.8,3.2,27.0,62.0,17.0,7599.0,0.427,,25.0,797.3,100.0,113.0,88.0,35.0,25.2,9154.0,0.1,11.0,40.1,1.9,7.2,-0.6,11.6,26.8,14.4,5967.0,-0.2,,62.3,49.6,75.1,69.2,96.4,38.5,22.2,39.2,60.0,9.3,9.5,9.2,24.1,109.4,136.0,261.0,0.038,-1.3,0.1,0.0,7.6,39.8,-0.8,66.6,5.0,7.4,7294.0,7653.0,51.8,4.7,8.3,21.6,11.6,9.3,73.2,76.6,72.4,24.2,100.0,121.0,-1.3,,,,72.8,12.0,30.0,,0.648,0.4,10.46,0.1,86.3,1.06,29.1,30.6,86.0,12.6,104.9,2.8,7.9,1.0,17.5,46.7,16.9,,35.4,38.9,18.2,50.0,22.2
118,Poland,Eastern Europe,10.0,10.5,12.7,,100.0,0.31,7.5,,,,50.6,73.7,10.6,58.1,53.8,20367.0,32343.0,1.0,16.4,17.3,15.6,102.8,38.1,15.3,1.2,30.8,89.9,19.0,27216.0,0.132,4.9,20.0,1033.6,70.0,110.0,107.0,67.0,18.0,26150.0,,0.7,31.8,1.2,5.0,-1.1,4.7,17.1,4.7,17471.0,1.9,72.8,56.6,48.8,65.1,77.8,,,,,140.0,12.3,12.3,12.3,39.7,138.7,64.0,163.0,,-0.4,,1.0,24.5,100.0,-2.3,26.1,6.4,,,,,,,,1.8,,86.2,81.1,86.9,2.0,,191.0,-1.3,504.0,506.0,501.0,99.8,81.0,10.0,5.9,0.97,1.1,1.31,1.0,100.0,1.06,25.5,94.5,98.0,,38.2,5.0,14.7,1.0,,60.1,13.0,2.0,17.0,88.0,,21.7,10.5
119,Portugal,Southern Europe,10.0,2.4,9.4,,100.0,0.17,4.3,,,,73.9,154.1,6.8,68.3,52.9,23095.0,32013.0,1.0,16.3,16.2,16.4,85.2,32.2,18.3,4.6,34.7,76.9,11.8,27937.0,0.088,5.1,16.3,287.6,93.0,105.0,118.0,63.0,16.2,27315.0,,0.6,35.5,1.5,6.4,-0.7,16.3,20.5,2.9,11223.0,1.3,69.0,58.2,53.3,63.8,81.4,94.5,,,,,9.2,9.2,9.2,43.9,111.6,42.0,104.0,,-2.7,,1.0,33.1,100.0,2.0,6.7,2.2,,,,,,,,0.4,,52.7,52.1,53.4,,,138.0,0.5,492.0,498.0,501.0,98.8,,13.0,7.9,0.856,0.0,0.21,1.3,100.0,1.06,34.8,52.0,,,10.3,9.0,23.0,1.0,,64.7,19.0,1.0,13.1,90.6,,21.0,10.6
120,Qatar,Western Asia,-10.0,25.8,9.9,90.8,100.0,0.38,45.4,,,4.0,37.5,147.2,1.3,43.6,86.8,59164.0,135961.0,0.0,13.4,14.8,12.0,89.1,,15.8,0.6,0.0,100.0,,116936.0,0.206,3.6,45.2,308.6,60.0,104.0,93.0,15.0,,116818.0,0.1,0.4,,,,,11.4,,5.9,2938.0,18.1,91.7,86.9,58.1,94.6,78.3,97.7,,,,50.0,9.8,10.8,9.5,31.3,142.1,46.0,65.0,,56.5,,0.0,1.5,18.0,,2.2,0.0,,,,,,,,0.1,,68.4,70.9,68.0,1.5,49.0,53.0,-5.1,402.0,402.0,418.0,99.9,53.0,12.0,,0.833,0.0,0.4,0.5,100.0,1.05,9.8,44.0,98.0,,2.6,0.2,0.5,1.0,12.4,99.1,,,0.2,61.6,0.0,16.4,0.0
121,Romania,Eastern Europe,9.0,4.8,33.1,76.3,,0.18,3.5,,,,,32.9,22.9,48.0,50.5,18217.0,27358.0,1.0,14.3,14.6,13.9,85.0,32.4,20.3,2.3,29.8,72.8,3.0,23313.0,0.311,3.1,24.4,456.6,87.0,89.0,89.0,48.0,22.6,22646.0,0.1,1.2,28.3,1.0,4.3,-0.5,6.3,21.0,6.8,10223.0,-1.4,56.9,53.2,44.1,63.1,75.6,98.6,,,,126.0,11.0,10.6,11.3,41.3,115.8,79.0,184.0,,-3.0,,0.0,26.7,100.0,-0.5,13.2,3.5,,,,,,,,0.9,,89.5,86.5,92.7,6.0,,143.0,-3.9,444.0,434.0,435.0,95.2,,19.0,6.0,0.947,1.2,2.03,0.5,100.0,1.06,18.7,80.0,93.0,23.3,19.7,5.2,18.4,1.0,,53.9,24.0,2.0,25.7,53.6,,22.8,17.4
122,Russia,Eastern Europe,4.0,6.7,21.6,,100.0,0.46,11.9,,,,68.0,52.8,6.7,66.4,60.3,19510.0,29671.0,0.0,15.5,15.9,15.2,46.7,48.5,,1.8,49.8,90.2,1.3,24766.0,0.257,3.8,23.9,3636.7,89.0,102.0,105.0,82.0,21.7,24233.0,,10.8,37.7,1.6,6.6,-1.8,2.2,17.7,8.0,24571.0,3.0,72.6,63.5,56.6,71.8,71.2,99.7,,,,140.0,12.0,12.0,12.1,38.7,159.2,120.0,322.0,,1.4,,0.0,20.8,91.2,-2.5,98.2,20.4,,,,,,,,9.5,,95.6,95.8,95.3,0.7,,445.0,0.2,494.0,495.0,487.0,99.7,80.0,20.0,2.5,0.956,61.6,0.51,1.1,100.0,1.05,16.1,96.1,98.0,19.2,144.0,5.2,16.3,1.0,8.0,74.3,,,6.3,76.1,0.1,25.8,12.4
123,Rwanda,Eastern Africa,-3.0,-6.7,25.7,99.0,56.0,0.05,0.1,19.0,36.7,7.0,53.2,19.0,66.5,25.4,85.0,1568.0,2064.0,0.0,11.2,11.2,11.2,51.0,,,3.2,19.5,,,1854.0,0.381,3.5,23.4,22.6,18.0,137.0,37.0,8.0,22.9,1811.0,3.1,2.5,50.4,3.2,11.0,-1.3,29.3,36.4,23.8,932.0,-6.1,,86.2,86.0,86.3,67.5,68.3,29.7,14.8,55.5,84.0,4.1,3.7,4.7,19.4,74.9,171.0,225.0,0.266,-1.4,13.9,0.0,5.2,4.7,-2.7,6.9,0.4,55.8,6494.0,6655.0,47.7,22.9,59.5,39.1,1.7,24.9,15.8,12.6,17.0,41.9,90.0,434.0,-1.9,,,,90.7,,58.0,11.9,0.849,259.0,2.36,,17.8,1.02,55.7,6.8,78.0,8.3,12.2,1.3,2.1,1.0,18.9,17.1,34.4,,80.0,45.0,70.8,70.6,4.7
124,Saudi Arabia,Western Asia,-10.0,12.2,7.8,97.0,,0.39,19.5,,,,24.6,39.1,6.3,71.2,52.9,17422.0,73945.0,0.0,16.9,16.0,17.8,61.7,,17.4,1.2,0.5,100.0,943.3,49045.0,0.234,,28.2,1615.5,25.0,116.0,117.0,67.0,22.7,49680.0,0.1,1.5,,,,,16.2,,8.9,18049.0,-0.3,92.9,56.1,22.3,79.5,74.7,94.4,,,,70.0,9.5,8.8,9.9,29.8,148.5,77.0,96.0,,10.8,,0.0,4.6,,,23.6,1.1,,,,,,,,3.0,,72.8,67.8,75.5,25.8,100.0,161.0,-1.5,,,,98.0,,12.0,,0.908,1.2,0.04,0.8,100.0,1.03,19.9,60.5,86.0,,32.9,5.7,34.7,1.0,,83.6,,,3.0,58.2,0.2,35.2,16.1
125,Senegal,Western Africa,7.0,8.0,72.7,95.0,68.0,0.27,0.6,22.8,17.1,31.0,25.1,43.9,53.4,26.5,54.4,1691.0,3101.0,0.0,9.7,10.0,9.3,69.8,,,2.7,43.0,53.7,,2471.0,0.515,7.1,28.5,39.2,16.0,83.0,48.0,11.0,25.1,2384.0,0.4,7.4,40.3,1.9,7.7,0.4,46.5,27.7,21.1,1007.0,-0.1,,57.2,45.5,69.9,67.5,42.8,45.6,21.4,33.0,98.0,3.0,2.4,3.8,18.3,98.5,151.0,222.0,0.293,-1.4,5.2,0.0,5.6,23.5,-1.4,8.6,0.5,54.4,8389.0,8389.0,53.9,32.0,38.0,46.7,2.6,17.2,17.1,11.1,20.1,37.6,70.0,62.0,-4.5,,,,53.1,5.0,32.0,7.0,0.945,26.6,13.67,0.5,38.3,1.04,41.8,11.8,68.0,10.5,15.9,4.9,5.5,1.0,23.6,46.7,,,44.3,38.4,63.2,79.2,36.2
126,Serbia,Southern Europe,8.0,-3.8,18.9,98.3,99.0,0.4,5.3,7.0,6.0,3.0,58.4,54.2,19.0,56.6,46.0,10672.0,15474.0,0.0,14.6,15.1,14.2,113.7,30.3,18.2,6.9,31.1,83.9,2.6,14049.0,0.181,4.0,21.0,98.7,59.0,101.0,96.0,62.0,18.5,13019.0,0.1,1.4,28.5,1.0,4.2,-3.1,8.1,28.7,7.1,1281.0,-1.6,65.0,53.5,45.9,61.7,75.3,98.8,42.7,20.6,36.8,135.0,11.1,10.7,11.6,40.0,130.2,77.0,149.0,0.001,-2.2,1.8,0.0,26.2,46.1,5.9,5.8,1.5,0.3,30.0,30.0,42.5,0.1,0.1,25.5,0.5,3.4,88.6,84.6,93.0,1.9,56.0,148.0,-4.3,,,,98.4,,15.0,6.9,0.957,35.0,8.66,0.9,100.0,1.05,34.4,60.3,96.0,30.0,8.8,14.1,32.8,1.0,14.9,55.9,,,28.1,70.1,0.5,24.9,17.6
127,Sierra Leone,Western Africa,7.0,-29.5,112.8,97.1,77.0,0.11,0.2,38.8,37.8,39.0,16.6,21.9,60.6,33.3,55.3,1096.0,1387.0,0.0,9.8,9.3,10.2,79.4,,,3.9,42.2,,,1390.0,0.645,2.9,20.1,10.5,12.0,115.0,40.0,,18.9,1240.0,1.7,1.7,34.0,1.4,5.4,-2.4,47.3,19.2,39.8,55.0,,,57.9,57.1,58.7,52.2,32.4,27.7,23.3,49.0,84.0,3.5,2.7,4.3,18.3,84.9,388.0,399.0,0.422,-0.6,21.9,0.0,4.6,0.9,-1.0,4.2,0.2,76.5,5295.0,5657.0,55.2,48.4,52.2,52.9,1.1,14.4,25.6,19.2,32.3,48.9,54.0,55.0,-4.0,,,,59.7,,37.0,23.0,0.913,4.5,1.3,,2.5,1.02,12.4,16.3,80.0,6.6,7.6,4.5,9.0,1.0,25.0,41.6,45.3,,87.7,15.4,74.8,76.0,10.1
128,Singapore,South-Eastern Asia,-2.0,32.7,3.7,,,0.13,10.3,,,,,140.8,0.1,83.6,67.1,69508.0,95809.0,0.0,16.2,16.4,16.0,322.4,,,19.6,23.1,97.5,,85535.0,0.067,2.9,27.6,480.0,,101.0,108.0,,24.8,82503.0,,0.3,,,,,8.2,25.0,2.6,12914.0,10.2,83.6,68.5,60.5,76.8,83.2,97.0,,,,105.0,11.5,11.0,12.1,40.0,150.5,39.0,63.0,,12.7,,0.0,17.9,0.0,,4.1,0.7,,,,,,,,0.3,,79.4,76.1,82.9,1.3,,227.0,-1.4,564.0,535.0,556.0,99.6,100.0,,2.2,0.862,0.0,,2.2,,1.07,23.0,81.7,100.0,,5.7,2.0,4.6,1.0,,100.0,6.1,,8.3,96.3,0.3,20.8,4.0
129,Slovakia,Eastern Europe,10.0,5.1,22.0,,100.0,0.21,5.7,,,,,79.2,2.9,60.8,55.1,22600.0,36726.0,1.0,15.0,15.5,14.4,189.2,34.3,12.0,6.2,40.3,64.6,1.1,30155.0,0.18,4.6,22.4,164.0,93.0,99.0,91.0,53.0,21.2,29467.0,0.1,1.0,26.5,0.9,4.1,-0.6,1.4,13.4,5.2,2027.0,-10.6,79.3,59.8,52.5,67.7,77.0,,,,,238.0,12.5,12.3,12.6,39.2,128.4,63.0,154.0,,0.4,,1.0,21.7,100.0,0.2,3.8,0.8,,,,,,,,0.3,,99.3,99.1,100.0,1.0,,184.0,-2.9,475.0,453.0,461.0,98.5,,15.0,10.2,0.962,0.9,2.26,1.2,100.0,1.05,20.0,93.7,88.0,,5.4,7.9,18.2,1.0,,53.8,23.0,4.0,12.2,83.1,,22.1,12.3
130,Slovenia,Southern Europe,10.0,7.9,4.2,,100.0,0.22,6.2,,,,,68.1,4.9,62.5,52.4,26898.0,34341.0,1.0,17.2,18.0,16.5,154.8,41.8,14.0,2.1,62.0,60.9,3.6,31401.0,0.054,5.3,19.3,64.9,92.0,99.0,110.0,80.0,18.5,30594.0,0.1,0.5,25.4,0.9,3.7,0.4,2.2,11.4,3.0,3032.0,-0.4,74.1,56.3,51.7,60.9,81.1,,,,,105.0,12.2,12.2,12.3,43.0,114.8,44.0,95.0,,1.6,,1.0,28.9,100.0,-2.6,1.4,0.4,,,,,,,,0.1,,98.1,97.4,98.9,1.4,,73.0,5.8,510.0,505.0,513.0,99.8,,17.0,14.2,0.937,0.0,0.82,2.2,100.0,1.05,28.7,90.6,99.0,,2.1,6.9,13.3,1.0,,54.3,13.0,4.0,10.6,96.9,,22.7,8.0
131,Solomon Islands,Melanesia,8.0,-6.4,46.4,88.5,88.0,0.16,0.4,17.9,31.6,21.0,29.3,28.5,69.6,20.6,70.0,1450.0,2281.0,0.0,10.2,9.7,10.7,98.4,,,2.8,78.1,,,2206.0,,,14.6,1.3,99.0,115.0,48.0,,,1872.0,,,37.1,1.6,6.4,-3.5,,,15.9,23.0,,,71.5,62.5,80.3,71.0,,,,,84.0,5.5,,,19.9,69.5,125.0,164.0,,-4.3,15.6,0.0,6.1,13.1,,0.4,0.0,,,,,,,,0.1,,,,,36.6,66.0,56.0,-2.2,,,,86.2,,25.0,,0.769,0.1,1.23,,41.5,1.07,2.0,,85.0,3.9,0.6,2.1,4.4,1.0,34.7,23.3,63.5,18.0,62.7,,43.5,67.4,
132,Somalia,Eastern Africa,5.0,,100.1,,3.0,,0.0,,25.3,45.0,,,86.2,6.2,43.4,,,0.0,,,,77.7,,,5.0,10.1,,,,,,,,,,,,9.5,,0.4,4.3,,,,,,,38.9,,,,46.1,18.6,74.3,56.7,,34.9,17.3,47.7,,,,,16.5,46.5,276.0,332.0,0.518,-3.5,17.4,0.0,5.4,,,7.5,0.4,82.2,8813.0,11773.0,62.9,67.5,,,2.7,8.7,,,,,,,,,,,,,,,0.902,986.4,,,11.6,1.03,24.3,,,,14.7,6.0,11.0,1.0,,44.4,,,72.3,33.7,71.3,91.3,
133,South Africa,Southern Africa,9.0,-0.1,42.8,93.7,85.0,0.72,9.0,,27.4,6.0,54.6,78.7,5.6,71.1,39.6,9060.0,14894.0,0.0,13.3,13.7,13.1,58.2,29.7,13.4,0.4,7.6,86.9,30.2,12295.0,0.389,5.9,18.6,697.3,79.0,103.0,103.0,20.0,18.7,11923.0,18.9,34.0,63.0,7.0,28.4,0.4,14.3,56.4,20.3,10044.0,3.4,,54.7,47.9,62.0,63.4,94.4,11.1,54.5,34.4,120.0,10.1,9.9,10.4,26.1,147.1,274.0,396.0,0.032,3.0,0.4,0.0,8.1,92.6,1.0,37.2,3.0,8.2,4544.0,4604.0,39.3,1.1,18.9,55.5,5.7,14.0,75.7,74.2,77.4,,,292.0,-3.0,,,,96.7,,30.0,12.6,0.778,0.5,0.25,0.7,67.9,1.03,41.0,47.2,,13.2,56.7,27.7,57.4,1.0,14.7,65.8,,,9.6,70.0,16.4,44.1,31.1
134,South Korea,Eastern Asia,8.0,19.0,1.6,,,0.35,11.6,,2.5,,79.6,170.1,4.9,70.3,60.3,22572.0,49297.0,0.0,16.5,15.9,17.1,80.8,,15.4,1.1,63.4,82.0,,35938.0,0.063,5.1,31.1,1849.6,95.0,98.0,100.0,93.0,31.1,35945.0,,0.7,31.6,1.2,5.3,,18.5,20.2,3.2,17242.0,-1.6,90.9,62.6,52.2,73.2,82.4,,,,,90.0,12.1,11.4,12.9,40.8,120.7,37.0,86.0,,0.7,,1.0,19.2,77.6,-2.0,37.0,7.1,,,,,,,,2.2,,95.6,89.8,95.6,0.5,,101.0,4.7,524.0,517.0,516.0,100.0,100.0,17.0,4.7,0.782,0.2,0.41,4.2,100.0,1.07,17.0,84.6,99.0,,51.0,3.8,10.7,1.0,,81.5,,,24.1,94.7,0.2,18.6,
135,Spain,Southern Europe,10.0,7.9,8.6,,100.0,0.16,5.0,,,,70.9,178.6,4.1,76.4,47.8,26954.0,41850.0,1.0,17.9,18.2,17.5,65.5,30.3,12.7,0.3,36.8,72.9,33.0,34272.0,0.08,4.3,21.1,1596.1,95.0,104.0,128.0,91.0,20.6,34258.0,0.4,0.6,36.2,1.5,7.3,2.6,18.6,23.3,3.0,75315.0,0.9,78.6,57.8,52.2,63.8,83.3,98.3,,,,112.0,9.8,9.7,10.0,43.2,111.2,38.0,77.0,,-2.4,,1.0,29.5,100.0,8.2,30.5,9.0,,,,,,,,2.0,,74.8,72.2,77.6,0.7,,136.0,3.5,486.0,496.0,493.0,,100.0,13.0,10.7,0.845,0.0,0.23,1.2,100.0,1.06,38.6,62.9,92.0,,46.4,17.4,39.4,1.0,,80.1,13.0,3.0,11.9,91.6,,22.3,14.6
136,Sri Lanka,Southern Asia,6.0,23.0,14.1,95.5,97.0,0.08,0.9,,17.3,12.0,61.7,71.9,26.7,47.7,51.4,6462.0,16581.0,0.0,13.9,14.1,13.6,51.1,24.0,,1.6,33.0,50.3,,11669.0,0.354,3.5,36.5,250.2,94.0,102.0,98.0,19.0,26.4,11326.0,0.1,2.5,39.8,1.9,6.8,-0.4,12.8,21.0,7.1,2051.0,-5.9,,53.5,35.1,74.1,75.5,91.2,,,,84.0,10.9,10.3,11.4,32.3,124.0,73.0,196.0,,-4.7,0.5,0.0,15.3,25.2,-2.7,13.8,2.1,,,,,,,,1.6,,82.8,82.6,83.1,1.6,70.0,92.0,-3.5,,,,,18.0,23.0,2.0,0.569,115.6,8.25,0.1,94.6,1.04,5.8,36.0,96.0,17.9,20.9,4.1,20.7,1.0,7.5,18.4,,,40.1,73.4,10.1,36.4,27.7
137,Sudan,Northern Africa,-4.0,-5.2,64.0,79.1,67.0,0.1,0.3,18.1,38.2,34.0,12.2,22.5,53.3,27.5,40.5,1785.0,6455.0,0.0,7.4,7.2,7.7,21.5,,12.8,0.9,8.1,31.8,71.2,4467.0,0.564,,18.9,181.0,48.0,74.0,46.0,17.0,18.3,4119.0,0.2,,35.4,1.4,6.2,,42.5,33.0,27.9,741.0,,11.0,46.5,23.6,69.9,64.7,53.5,29.1,21.1,49.8,56.0,3.7,3.1,4.1,18.9,70.3,192.0,249.0,0.28,-3.2,0.9,0.0,6.4,4.6,,22.5,1.4,52.4,19773.0,20738.0,53.4,30.9,14.9,46.5,6.0,17.6,17.0,14.7,19.3,20.6,60.0,50.0,-0.9,,,,77.7,4.0,,,0.934,691.4,0.18,0.3,22.2,1.04,31.0,,97.0,6.4,40.5,12.8,28.4,1.0,26.6,34.4,,,40.5,10.0,23.2,73.4,
138,Suriname,South America,5.0,30.3,46.0,90.9,99.0,0.24,3.6,3.8,8.8,19.0,47.6,48.2,2.7,73.2,49.1,9132.0,17449.0,0.0,12.7,13.0,12.0,129.6,,,4.8,98.3,76.3,0.6,13767.0,0.441,,56.5,7.8,94.0,121.0,79.0,,56.5,13306.0,1.4,,,,,,15.6,37.3,12.4,256.0,,,53.4,41.8,65.3,71.5,92.9,25.5,45.7,28.8,,8.5,8.3,8.6,28.4,144.5,118.0,220.0,0.041,-1.9,0.5,0.0,10.4,,-1.0,0.4,0.0,9.4,49.0,52.0,43.4,2.5,,,0.1,4.5,58.2,58.7,57.8,8.7,100.0,183.0,-4.0,,,,80.0,6.0,14.0,,0.985,0.0,0.02,,69.3,1.07,25.5,44.6,75.0,,0.6,8.1,15.9,1.0,16.9,66.0,,,13.6,,12.7,39.7,
139,Sweden,Northern Europe,10.0,20.2,5.2,,100.0,0.1,4.5,,,,,165.1,1.9,80.0,59.7,41743.0,53777.0,1.0,17.6,18.4,16.9,86.4,39.5,14.2,5.4,68.9,26.8,1.5,46949.0,0.044,7.7,25.7,472.7,94.0,123.0,140.0,62.0,24.9,47766.0,0.2,1.1,29.2,1.0,4.6,1.1,3.7,15.3,2.7,6782.0,2.2,89.0,64.0,60.8,67.4,82.6,,,,,0.0,12.4,12.5,12.3,40.9,127.5,40.0,64.0,,5.3,,1.0,32.0,100.0,1.2,6.2,2.0,,,,,,,,0.6,,88.5,88.4,88.7,0.4,,55.0,0.4,494.0,500.0,493.0,,100.0,12.0,16.5,0.992,0.0,0.55,3.3,100.0,1.06,43.6,84.9,99.0,,9.9,6.8,18.3,1.0,,87.1,28.0,12.0,6.4,100.0,,28.1,6.5
140,Switzerland,Western Europe,10.0,16.4,3.0,,100.0,0.08,4.3,,,,72.9,179.7,3.5,75.8,65.2,47938.0,67490.0,0.0,16.2,16.1,16.3,118.9,34.0,11.4,5.6,31.7,50.1,3.7,57410.0,0.039,5.1,23.3,486.0,105.0,104.0,102.0,58.0,24.5,57625.0,,0.5,32.5,1.3,5.2,,2.4,16.8,3.5,9205.0,13.2,86.1,68.4,62.9,74.1,83.5,,,,,98.0,13.4,13.9,12.9,42.2,133.8,37.0,63.0,,9.8,,1.0,27.6,100.0,1.5,5.7,1.6,,,,,,,,0.4,,96.8,96.4,97.2,0.6,,84.0,-4.8,521.0,492.0,506.0,,,10.0,25.6,0.982,0.0,0.37,3.0,100.0,1.05,29.3,85.7,99.0,,8.5,4.8,8.4,1.0,,73.8,,,9.5,98.9,,22.3,7.0
141,Syria,Western Asia,-9.0,,38.6,87.7,96.0,,1.6,,27.5,13.0,53.9,,22.9,44.4,34.8,561.0,4077.0,0.0,8.8,8.7,8.8,,,19.2,,2.7,97.7,,,0.547,,27.8,,6.0,76.0,49.0,39.0,,2337.0,,,,,,,,,13.0,5070.0,,,41.1,11.9,70.2,71.0,,49.0,40.7,10.2,120.0,5.1,4.6,5.6,20.2,72.4,79.0,270.0,0.029,-41.8,,0.0,7.4,16.7,,10.8,0.8,7.4,1539.0,1362.0,38.9,1.2,,35.2,2.0,7.7,41.0,37.1,42.6,6.8,,60.0,,,,,,,,,0.953,6290.9,,,100.0,1.05,13.2,,10.0,3.1,18.3,15.2,34.9,1.0,16.4,53.5,,,35.6,19.6,62.5,61.9,
142,Tajikistan,Central Asia,-3.0,-6.5,36.4,78.8,88.0,0.24,0.6,,26.8,12.0,27.9,15.8,51.6,32.0,53.2,2233.0,4392.0,0.0,11.2,10.5,11.9,56.6,,,2.8,3.0,54.9,51.1,2897.0,0.317,5.2,31.1,25.8,10.0,99.0,87.0,31.0,30.7,3317.0,0.3,1.6,34.0,1.4,5.6,0.4,6.5,13.5,20.1,414.0,-6.9,,59.3,45.5,73.3,71.2,,22.4,44.6,33.0,140.0,10.4,10.7,10.2,22.4,107.6,103.0,164.0,0.049,-2.5,4.1,0.0,5.7,92.8,-4.1,5.5,0.3,12.1,968.0,1058.0,40.4,2.3,4.8,31.3,1.2,25.4,93.1,98.9,87.0,1.0,100.0,121.0,-9.8,,,,90.3,,22.0,9.9,0.984,1.4,31.56,0.1,100.0,1.07,20.0,80.2,97.0,28.1,8.9,10.3,18.9,1.0,22.9,27.0,20.3,,47.5,42.1,16.9,57.5,
143,Tanzania,Eastern Africa,3.0,13.3,115.1,91.4,26.0,0.09,0.2,24.3,34.5,31.0,38.4,20.2,66.7,27.3,81.5,2282.0,3037.0,0.0,8.9,8.6,9.3,42.3,,,2.9,52.0,14.4,,2683.0,0.537,3.5,24.8,149.3,32.0,81.0,32.0,4.0,33.7,2655.0,4.7,7.0,37.8,1.7,6.2,-0.5,27.0,22.4,24.9,1233.0,,,83.3,79.5,87.4,66.3,77.9,22.8,21.3,55.8,84.0,5.8,5.4,6.2,17.3,72.1,199.0,249.0,0.275,-0.8,4.9,0.0,6.0,3.2,-1.8,29.8,1.8,55.6,30915.0,30915.0,49.4,26.1,49.1,28.2,9.9,24.1,14.3,11.9,16.9,33.3,99.0,69.0,-2.9,,,,63.5,,43.0,9.4,0.691,0.7,0.84,0.5,16.9,1.03,37.2,5.1,58.0,5.4,57.3,2.2,3.9,1.0,22.1,33.1,41.7,,83.5,42.2,68.3,86.4,14.9
144,Thailand,South-Eastern Asia,-3.0,16.4,51.9,98.1,100.0,0.31,4.6,,10.5,23.0,78.4,164.7,32.8,44.7,67.8,13793.0,17327.0,0.0,14.7,14.8,14.5,121.7,29.5,14.1,2.0,32.1,79.8,13.1,16278.0,0.393,4.1,21.7,1123.8,68.0,101.0,121.0,46.0,24.0,15516.0,1.1,3.2,37.8,1.6,6.5,-1.7,13.3,23.8,9.3,32530.0,-0.6,47.0,68.6,60.5,77.3,75.5,92.9,47.4,35.1,17.5,90.0,7.6,7.4,7.8,37.8,173.8,92.0,202.0,0.003,0.5,0.1,0.0,15.9,83.0,-3.7,49.2,7.9,0.8,543.0,543.0,39.1,0.1,0.0,10.5,3.7,7.2,44.8,42.4,47.5,15.0,100.0,461.0,3.1,415.0,409.0,421.0,99.1,98.0,17.0,5.4,0.798,0.2,1.48,0.6,100.0,1.06,4.8,37.4,91.0,5.0,69.0,1.1,5.9,1.0,6.2,49.2,,,50.2,79.8,0.6,24.3,15.0
145,Timor-Leste,South-Eastern Asia,8.0,21.2,44.0,84.4,55.0,0.06,0.4,,50.2,19.0,26.1,-7.2,25.0,59.8,37.5,3301.0,10282.0,0.0,12.8,12.3,13.2,39.3,,,0.2,46.1,,,6570.0,,,16.2,8.5,16.0,109.0,74.0,,25.2,6846.0,,3.9,28.7,1.1,4.1,-2.9,44.9,13.6,20.6,66.0,,,38.8,24.9,52.3,69.2,58.3,24.1,28.1,47.8,84.0,4.5,3.6,5.3,17.4,117.6,122.0,172.0,0.211,-8.5,10.0,0.0,6.7,89.7,-2.4,0.7,0.0,46.0,584.0,584.0,45.8,16.5,30.3,41.8,0.2,26.0,,,,19.5,,50.0,-11.7,,,,56.7,,,,0.889,0.0,2.95,,49.2,1.05,32.3,38.8,96.0,,1.3,3.4,11.6,1.0,25.3,30.2,58.8,13.9,49.4,,23.1,82.5,24.3
146,Togo,Western Africa,-2.0,-31.0,89.1,72.7,78.0,0.28,0.4,22.6,27.6,22.0,19.9,43.8,37.8,44.9,76.1,1265.0,1643.0,0.0,12.4,10.0,13.2,100.0,,,5.8,3.5,17.2,,1430.0,0.567,5.1,26.4,11.1,17.0,124.0,,12.0,26.6,1453.0,2.1,9.0,43.1,2.2,9.7,,38.9,25.1,30.5,338.0,-13.4,,77.6,75.8,79.4,60.5,63.7,28.3,21.8,49.9,98.0,4.8,3.3,6.5,18.9,72.4,252.0,285.0,0.25,-0.3,3.6,0.0,5.1,10.9,-0.5,4.3,0.2,48.4,3496.0,3679.0,51.6,24.4,49.2,55.1,1.2,21.8,39.1,26.3,52.5,45.9,73.0,64.0,1.7,,,,44.6,,41.0,6.9,0.854,8.1,8.36,0.3,19.4,1.02,17.6,7.2,13.0,3.2,7.8,1.8,2.8,1.0,33.6,41.2,22.1,,80.3,37.6,61.4,74.8,
147,Trinidad and Tobago,Caribbean,10.0,-4.9,30.1,95.1,94.0,1.1,34.2,,11.0,11.0,40.3,47.7,3.7,69.7,59.1,22008.0,35435.0,0.0,12.9,14.4,12.5,,,,-1.7,45.7,99.9,8.8,28763.0,0.324,,,39.4,,,,,,28622.0,1.2,30.9,,,,,,21.9,15.6,410.0,,,62.1,51.0,73.7,70.8,,34.0,45.5,20.5,98.0,10.9,11.0,10.8,33.9,158.7,121.0,214.0,0.002,-0.7,0.0,0.0,14.4,98.4,,0.9,0.1,0.6,8.0,9.0,38.0,0.1,,,0.1,3.7,73.4,74.4,69.1,10.6,88.0,258.0,4.0,417.0,427.0,425.0,100.0,56.0,,,0.816,0.3,0.61,0.1,100.0,1.04,30.1,71.8,86.0,,1.4,4.8,11.4,1.0,24.3,53.2,30.2,19.0,16.5,73.6,0.9,29.8,52.0
148,Tunisia,Northern Africa,7.0,-8.6,7.7,98.1,99.0,0.24,2.6,2.3,10.1,2.0,62.5,96.9,13.7,43.7,39.8,4537.0,16152.0,0.0,15.1,15.8,14.4,99.9,,37.2,1.7,6.7,88.4,69.7,10849.0,0.298,6.6,19.7,125.1,44.0,115.0,93.0,33.0,19.6,10275.0,0.1,3.0,35.8,1.5,6.4,-0.8,34.6,18.9,10.7,5724.0,-4.5,,46.9,24.3,70.6,75.9,79.0,50.2,25.7,24.1,30.0,7.2,6.4,7.9,31.1,125.2,70.0,110.0,0.005,-1.2,1.6,0.0,11.8,33.8,-1.8,7.8,0.9,1.3,144.0,151.0,39.7,0.2,2.0,15.2,1.1,3.7,51.8,41.2,52.7,6.8,100.0,212.0,-1.5,367.0,361.0,386.0,73.6,81.0,16.0,5.9,0.974,1.8,4.73,0.6,100.0,1.05,31.3,58.4,78.0,10.7,11.5,15.2,35.8,1.0,7.0,68.6,,,20.8,28.4,5.3,35.3,
149,Turkey,Western Asia,-4.0,11.8,25.8,97.0,99.0,0.2,4.5,,9.5,15.0,73.5,77.9,19.4,53.8,45.8,15576.0,34313.0,0.0,15.2,14.7,15.7,54.2,16.7,14.2,1.3,15.2,87.6,19.8,25129.0,0.317,4.4,30.9,2029.1,29.0,103.0,103.0,95.0,29.8,24804.0,,4.3,41.9,2.1,8.5,-0.8,13.5,22.6,9.6,30289.0,0.4,56.6,51.6,32.4,71.9,76.0,95.6,,,,112.0,8.0,7.1,8.8,29.9,94.4,70.0,138.0,,4.3,0.4,1.0,12.2,20.0,-4.9,54.0,6.6,,,,,,,,6.7,,52.2,44.9,66.0,12.0,,220.0,-3.8,420.0,428.0,425.0,97.4,86.0,18.0,4.6,0.876,61.4,0.12,1.0,100.0,1.05,14.6,44.0,90.0,39.3,80.7,11.3,20.3,1.0,5.9,74.6,38.0,,28.5,54.3,1.1,37.3,23.9
150,Turkmenistan,Central Asia,-8.0,,24.4,99.9,100.0,0.87,12.5,0.3,11.5,6.0,50.2,,8.2,46.8,63.2,11240.0,20083.0,0.0,10.8,10.5,11.1,117.7,,,12.5,8.8,,,16389.0,,3.0,47.2,94.4,58.0,88.0,86.0,8.0,47.2,15594.0,,,,,,,3.6,26.8,23.4,,-106.8,,65.5,53.4,78.2,68.0,,4.4,88.0,7.6,,9.8,,,25.6,151.4,131.0,246.0,0.001,-1.9,0.1,0.0,6.6,,-4.3,3.7,0.2,0.4,23.0,23.0,36.1,0.0,,,0.7,2.5,,,,,,583.0,,,,,100.0,,,,0.974,0.4,0.02,,100.0,1.05,25.8,,,,5.8,3.4,6.5,1.0,12.1,51.2,,,21.1,35.5,2.5,47.7,
151,Uganda,Eastern Africa,-1.0,-10.8,106.5,97.3,30.0,0.08,0.1,20.6,28.9,40.0,38.4,23.2,69.0,24.1,69.2,1212.0,2109.0,0.0,11.6,11.0,12.2,44.4,31.5,,2.7,10.4,,1.1,1698.0,0.523,2.3,24.0,72.8,13.0,100.0,,5.0,23.5,1658.0,6.5,11.5,41.0,2.0,7.5,-0.7,27.9,24.2,32.5,1323.0,7.4,,70.7,66.6,74.9,60.2,70.2,21.7,23.7,54.5,84.0,6.1,4.7,7.2,15.8,55.0,268.0,346.0,0.279,-0.8,7.4,0.0,4.3,6.6,-1.7,21.5,0.9,56.8,23549.0,23549.0,49.1,25.4,35.9,19.7,7.9,23.9,31.7,26.7,32.4,65.0,,115.0,-0.9,,,,74.2,,43.0,5.4,0.752,6.4,4.79,0.5,18.0,1.03,34.3,,82.0,18.8,42.9,2.1,2.9,1.0,29.6,23.2,49.9,,74.5,52.7,52.4,95.2,5.9
152,Ukraine,Eastern Europe,4.0,2.8,23.8,98.6,100.0,0.64,5.0,3.2,,9.0,65.4,58.7,14.9,59.8,49.1,6082.0,10513.0,0.0,15.0,15.2,14.8,102.2,42.4,14.6,2.2,16.7,75.3,8.5,7894.0,0.285,5.9,20.7,335.4,84.0,100.0,97.0,83.0,16.0,8130.0,0.9,6.3,25.0,0.9,3.5,-1.8,3.6,8.5,7.5,13333.0,-1.3,46.5,54.2,46.9,63.0,72.1,100.0,28.7,59.8,11.5,126.0,11.3,11.3,11.3,40.3,135.2,,,0.001,-0.9,1.6,0.0,24.2,91.9,-2.8,30.1,7.3,0.2,109.0,107.0,34.5,0.0,0.1,3.8,2.3,0.4,95.1,94.5,95.6,4.5,86.0,195.0,-3.6,,,,99.9,,13.0,4.0,0.945,139.3,10.85,0.6,100.0,1.06,12.3,98.1,95.0,29.3,44.2,9.5,23.3,1.0,4.9,69.2,13.2,1.3,15.6,61.3,0.3,22.8,18.3
153,United Arab Emirates,Western Asia,-8.0,,28.4,100.0,100.0,0.36,23.3,,,,,100.8,0.4,60.7,78.3,24973.0,84130.0,0.0,13.6,14.3,13.4,172.8,,17.3,2.5,3.9,99.8,,67293.0,0.232,,24.8,632.6,82.0,111.0,96.0,37.0,23.0,67805.0,,0.9,,,,,,,5.2,,41.5,88.9,79.7,40.9,92.0,77.4,,,,,45.0,10.8,11.9,9.7,33.4,214.7,56.0,79.0,,11.0,,0.0,1.3,,,8.0,0.1,,,,,,,,0.5,,69.0,78.8,65.7,8.0,100.0,229.0,,427.0,434.0,437.0,99.9,,25.0,,0.866,0.1,,0.9,100.0,1.05,22.5,53.5,97.0,,9.4,1.7,5.1,1.0,,86.2,,,0.4,76.4,0.5,16.4,
154,United Kingdom,Northern Europe,8.0,3.3,12.5,,100.0,0.17,6.5,,,,84.0,167.5,1.1,80.5,59.7,28043.0,50485.0,0.0,17.4,17.9,17.0,62.5,33.8,17.4,1.8,13.0,80.7,5.5,39753.0,0.116,5.6,17.0,2624.6,96.0,102.0,125.0,57.0,16.9,39116.0,,1.2,33.2,1.3,5.4,-0.9,3.7,19.5,4.0,35814.0,17.1,94.8,62.3,56.8,68.1,81.7,,,,,42.0,12.9,12.8,13.5,40.2,120.0,54.0,84.0,,3.1,,1.0,29.0,100.0,-0.5,42.2,12.3,,,,,,,,4.0,,82.9,82.4,85.2,,,146.0,-0.3,492.0,498.0,509.0,,100.0,17.0,8.3,0.789,0.1,0.17,1.7,100.0,1.05,28.5,83.2,,,66.2,4.3,11.7,1.0,,83.1,29.0,7.0,13.1,96.1,,27.8,10.9
155,United States,Northern America,8.0,6.1,18.8,,100.0,0.32,16.5,,2.1,,72.7,241.9,1.7,79.5,59.1,43899.0,66208.0,0.0,16.5,17.2,15.7,26.6,,9.9,1.8,33.9,82.8,13.6,54225.0,0.189,5.0,19.7,17662.3,69.0,99.0,97.0,,19.5,54941.0,0.5,5.4,41.5,2.0,9.4,0.5,5.5,28.1,5.6,75608.0,4.3,74.9,61.9,55.7,68.3,79.5,,,,,,13.4,13.4,13.3,37.6,122.9,80.0,134.0,,2.9,,1.0,23.5,100.0,3.0,213.1,50.0,,,,,,,,19.7,,95.3,95.5,95.2,,,698.0,-0.9,470.0,497.0,496.0,99.1,,14.0,6.2,0.84,0.3,0.03,2.8,100.0,1.05,19.7,96.3,,,324.5,4.4,9.5,1.0,9.0,82.1,,,6.3,92.7,,28.8,16.5
156,Uruguay,South America,10.0,10.3,54.7,97.2,100.0,0.1,2.0,,10.7,25.0,79.6,35.3,8.2,71.9,59.6,15282.0,24905.0,0.0,15.9,16.9,15.0,40.0,33.7,10.8,0.0,10.5,46.8,,20551.0,0.27,,15.7,71.0,90.0,107.0,112.0,56.0,16.7,19930.0,0.6,7.7,39.7,1.8,7.9,,7.4,25.3,9.0,3037.0,,64.2,64.8,56.1,74.4,77.6,98.5,,,,98.0,8.7,9.0,8.4,34.9,148.6,76.0,133.0,,-1.8,0.0,0.0,22.8,76.5,-1.6,2.2,0.5,,,,,,,,0.2,,54.1,55.8,52.1,1.2,100.0,291.0,-3.3,418.0,437.0,435.0,99.9,96.0,12.0,,0.833,0.0,0.18,0.3,100.0,1.05,22.3,25.6,84.0,,3.5,8.1,24.5,1.0,,95.2,,,23.9,60.6,0.8,32.8,18.7
157,Uzbekistan,Central Asia,-9.0,,16.5,99.4,100.0,0.64,3.4,,19.6,7.0,,,21.9,40.4,60.9,4687.0,8264.0,0.0,12.0,11.8,12.2,58.1,,,0.1,7.6,97.7,,6253.0,0.274,,24.9,202.5,27.0,103.0,93.0,9.0,24.9,6470.0,,,,,,,0.8,,17.0,1969.0,-11.2,,65.7,53.8,77.9,71.4,100.0,11.9,67.8,20.3,126.0,11.5,11.2,11.8,26.3,74.0,101.0,180.0,0.016,-0.4,0.7,0.0,6.6,98.1,,21.6,1.4,4.4,1178.0,1377.0,37.2,0.3,,14.1,3.2,10.1,99.9,99.9,99.9,0.8,99.0,150.0,,,,,100.0,,21.0,,0.97,3.4,3.7,0.2,100.0,1.08,16.4,,98.0,,31.9,7.2,14.6,1.0,,50.6,,,24.7,36.0,14.9,41.4,
158,Venezuela,South America,-3.0,7.4,85.3,97.5,81.0,0.36,6.0,,13.4,,75.0,61.9,10.2,66.5,58.5,7401.0,13976.0,0.0,14.3,15.4,13.2,48.1,,,0.2,52.9,88.4,1.7,16745.0,0.454,,24.8,514.7,69.0,97.0,86.0,,21.6,10672.0,0.6,56.3,46.9,2.8,15.8,-5.1,12.9,25.2,10.5,601.0,-0.6,,63.6,50.2,77.4,74.7,97.1,,,,182.0,10.3,10.7,10.0,27.4,87.4,89.0,191.0,,-0.5,0.0,0.0,10.1,59.4,-3.2,21.0,2.1,,,,,,,,3.0,,69.2,71.7,66.6,17.5,,178.0,0.1,,,,96.2,,,,0.827,9.3,0.03,,96.4,1.05,22.2,55.8,76.0,59.5,32.0,8.1,17.6,1.0,,88.2,,,31.9,70.0,15.9,41.9,
159,Vietnam,South-Eastern Asia,-7.0,18.4,27.3,95.8,96.0,0.34,1.8,13.1,24.6,11.0,75.7,141.8,40.9,34.1,76.6,5345.0,6383.0,0.0,12.7,12.9,12.5,200.3,,15.4,6.3,47.6,69.8,,6172.0,0.304,5.7,25.8,589.7,87.0,110.0,,28.0,23.1,5859.0,0.4,1.5,34.8,1.4,5.9,-0.3,17.6,21.4,12.7,10013.0,-2.8,,78.2,73.2,83.5,76.5,93.5,41.8,16.6,41.6,180.0,8.2,7.9,8.5,30.4,127.5,66.0,181.0,0.02,-0.4,1.5,0.0,10.2,39.9,0.8,66.7,6.8,5.0,4623.0,4724.0,39.5,0.7,2.6,9.8,7.7,5.6,69.4,66.2,77.7,4.0,100.0,154.0,-6.9,495.0,487.0,525.0,93.8,,20.0,5.5,0.74,334.1,6.16,0.4,100.0,1.1,26.7,32.8,91.0,3.9,95.5,2.1,7.0,1.0,6.1,35.2,34.4,2.3,55.9,30.4,7.8,33.0,0.6
160,Zambia,Eastern Africa,6.0,10.9,82.8,95.7,11.0,0.08,0.3,,40.0,31.0,49.0,21.8,53.3,34.8,69.0,2986.0,4138.0,0.0,12.5,12.0,13.0,71.6,,,3.4,65.4,10.6,,3689.0,0.517,,38.2,63.1,,102.0,,4.0,36.4,3557.0,12.4,5.3,57.1,5.0,21.1,2.3,21.7,48.6,28.8,956.0,,,74.8,70.1,79.7,62.3,83.0,22.5,23.9,53.6,84.0,7.0,6.5,7.4,17.1,72.4,246.0,346.0,0.262,-0.5,4.7,0.0,4.7,8.8,1.2,9.0,0.4,53.4,8338.0,8856.0,49.1,24.3,57.5,54.4,2.9,22.4,44.3,39.2,52.4,44.5,93.0,125.0,-4.9,,,,63.3,,48.0,,0.879,0.3,0.36,0.3,2.7,1.03,18.0,,89.0,8.6,17.1,7.8,15.4,1.0,21.1,43.0,42.7,,77.6,40.3,67.0,84.9,
161,Zimbabwe,Eastern Africa,4.0,-20.7,104.1,93.3,44.0,0.41,0.8,,27.1,32.0,66.8,,68.5,24.1,79.3,1431.0,1948.0,0.0,10.3,10.2,10.5,61.5,,20.9,2.1,36.4,29.1,17.9,1900.0,0.534,7.5,16.9,31.4,42.0,99.0,47.0,8.0,16.8,1683.0,13.5,6.7,43.2,2.2,8.6,,16.8,27.0,26.6,2168.0,-12.0,14.6,83.6,78.5,89.1,61.7,88.7,11.4,29.2,59.4,98.0,8.1,7.5,8.9,19.0,79.7,320.0,380.0,0.149,-3.3,4.4,0.0,5.0,6.2,,9.3,0.5,34.7,5473.0,5602.0,42.9,8.8,21.4,72.3,2.5,26.3,58.7,55.9,66.3,23.1,86.0,145.0,-1.6,,,,78.1,,36.0,7.1,0.789,17.4,11.17,,15.6,1.02,36.2,13.4,94.0,13.4,16.5,5.2,11.4,1.0,10.4,32.2,35.4,,65.7,51.7,74.8,73.6,
